,chembl_id,value,smiles
0,CHEMBL103667,45762.75,Cc1cc2occ(CN(C)CCN(C)Cc3cn(-c4cccc(C(F)(F)F)c4)c4ccccc34)c(=O)c2cc1C
1,CHEMBL108710,11000.0,CCOC(=O)CCCn1ccc2cc(OC(=O)OCC)c(OC(=O)OCC)cc2c1=O
2,CHEMBL109264,84000.0,COc1ccc(C(CC(=O)NCc2ccccc2)N2C(=O)c3ccccc3C2=O)cc1OC
3,CHEMBL109316,60000.0,COc1ccc(C(CC(=O)O)N2C(=O)c3ccccc3C2=O)cc1OC
4,CHEMBL110110,7500.0,COc1ccc(C(CCO)N2C(=O)c3ccccc3C2=O)cc1OC
5,CHEMBL110421,450.0,COC(=O)CC(c1ccc(OC)c(OC)c1)N1C(=O)c2cccc(N)c2C1=O
6,CHEMBL110949,55000.0,CCCOc1ccc(C(CC(N)=O)N2C(=O)c3ccccc3C2=O)cc1OCCC
7,CHEMBL110956,4700.0,COC(=O)CC(c1ccc(OC)c(OC)c1)N1C(=O)c2cc3ccccc3cc2C1=O
8,CHEMBL110972,150000.0,N#Cc1ccc(C(CC(N)=O)N2C(=O)c3ccccc3C2=O)cc1
9,CHEMBL111111,4200.0,COC(=O)CC(c1ccc(OC)c(OC)c1)N1C(=O)c2ccc(C(C)(C)C)cc2C1=O
10,CHEMBL111503,53000.0,CCNC(=O)CC(c1ccc(OC)c(OC)c1)N1C(=O)c2ccccc2C1=O
11,CHEMBL111544,7900.0,COC(=O)CC(c1ccc(OC)c(OC)c1)N1C(=O)c2c(Cl)ccc(Cl)c2C1=O
12,CHEMBL111560,12000.0,CNC(=O)CC(c1ccc(OC)c(OC)c1)N1C(=O)c2ccccc2C1=O
13,CHEMBL111637,120000.0,COc1cccc(C(CC(N)=O)N2C(=O)c3ccccc3C2=O)c1
14,CHEMBL111973,62000.0,COc1ccc(C(CC(N)=O)N2C(=O)c3ccccc3C2=O)cc1
15,CHEMBL113442,15000.0,COC(=O)CC(c1ccc(OC)c(OC)c1)N1C(=O)c2cccc(O)c2C1=O
16,CHEMBL114343,380.0,COC(=O)CC(c1ccc(OC)c(OC)c1)N1C(=O)c2ccc(N)cc2C1=O
17,CHEMBL124456,100000.0,CNC(=O)CCCn1ccc2cc(OC)c(OC)cc2c1=O
18,CHEMBL124743,25000.0,CCOC(=O)CCCn1cnc2ccccc2c1=O
19,CHEMBL124975,1000.0,CCOC(=O)CCCn1cc(Br)c2cc(O)c(O)cc2c1=O
20,CHEMBL125522,25000.0,CCOC(=O)CCCOc1nc(Nc2ccc(Br)cc2)nc2cc(OC)c(OC)cc12
21,CHEMBL125632,20000.0,CCOC(=O)CCCn1cc(F)c2cc(OC)c(OC)cc2c1=O
22,CHEMBL125674,51000.0,CCOC(=O)CCCn1cc(Br)c2cc(OC)c(OC)cc2c1=O
23,CHEMBL125687,100000.0,CCOC(=O)CCCn1cc(F)c2c(F)c(OC)c(OC)cc2c1=O
24,CHEMBL125787,37000.0,COc1cc2ccnc(Nc3cccc(Br)c3)c2cc1OC
25,CHEMBL126246,5000.0,CCOC(=O)CCCn1cc(C#N)c2cc(OC)c(OC)cc2c1=O
26,CHEMBL126249,48000.0,CCOC(=O)CCCn1c(Cl)nc2cc(OC)c(OC)cc2c1=O
27,CHEMBL126283,6000.0,CCOC(=O)CCCCn1cnc2cc(OC)c(OC)cc2c1=O
28,CHEMBL126353,10000.0,CCOC(=O)CCCN1CNc2ccc(N)cc2C1=O
29,CHEMBL126415,9000.0,CCOC(=O)CCCn1ccc2cc(OC(C)=O)c(OC(C)=O)cc2c1=O
30,CHEMBL126434,33000.0,COc1cc2ccnc(Nc3cccc(Cl)c3)c2cc1OC
31,CHEMBL126450,25000.0,CCOC(=O)CCCn1cnc2cccc(Cl)c2c1=O
32,CHEMBL126511,25000.0,CCOC(=O)CCCn1cnc2cc([N+](=O)[O-])ccc2c1=O
33,CHEMBL126646,25000.0,CCOC(=O)CCCn1c(Nc2ccccc2)nc2cc(OC)c(OC)cc2c1=O
34,CHEMBL126805,25000.0,CCOC(=O)CCCOc1nc(Nc2ccccc2)nc2cc(OC)c(OC)cc12
35,CHEMBL126806,25000.0,CCOC(=O)CCCOc1nc(N(C)C)nc2cc(OC)c(OC)cc12
36,CHEMBL126816,9000.0,CCOC(=O)CCCn1cnc2cc(N)ccc2c1=O
37,CHEMBL126817,4000.0,CCOC(=O)CCCn1cnc2ccc(N)cc2c1=O
38,CHEMBL126867,5000.0,CCOC(=O)CCCN1CNc2cc(N)ccc2C1=O
39,CHEMBL126912,100000.0,COc1cc2ccn(CCCC(=O)O)c(=O)c2cc1OC
40,CHEMBL126945,13000.0,CCOC(=O)CCCn1cc(CN)c2cc(OC)c(OC)cc2c1=O
41,CHEMBL127003,21000.0,CCOC(=O)CCCCn1ccc2cc(OC)c(OC)cc2c1=O
42,CHEMBL127042,3000.0,CCCn1c(=O)n(CCCC(=O)OCC)c(=O)c2nccnc21
43,CHEMBL127081,25000.0,CCOC(=O)CCCn1cnc2cc(Cl)ccc2c1=O
44,CHEMBL127144,5000.0,CCOC(=O)CCCn1ccc2ccccc2c1=O
45,CHEMBL127148,15000.0,CCOC(=O)CCCn1cnc2cc(OC)c(OC)c(N)c2c1=O
46,CHEMBL127149,11000.0,CCOC(=O)CCCn1cnc2cc(OC)c(OC)c([N+](=O)[O-])c2c1=O
47,CHEMBL127154,50000.0,CCOC(=O)CCCn1c(Nc2ccc(Br)cc2)nc2cc(OC)c(OC)cc2c1=O
48,CHEMBL127192,25000.0,CCOC(=O)CCCn1cnc2cc(F)c(F)cc2c1=O
49,CHEMBL127198,38000.0,COc1cc2ccnc(Nc3ccc(Br)cc3)c2cc1OC
50,CHEMBL127259,3000.0,CCOC(=O)CCCn1cnc2cc(OC)c(OC)cc2c1=O
51,CHEMBL127280,100000.0,CCOC(=O)CCCn1cnc2cc(OC)c(OC)c(NC(C)=O)c2c1=O
52,CHEMBL127291,25000.0,CCOC(=O)CCCn1cnc2ccc([N+](=O)[O-])cc2c1=O
53,CHEMBL127390,14000.0,CCOC(=O)CCCn1c(N=[N+]=[N-])nc2cc(OC)c(OC)cc2c1=O
54,CHEMBL127466,50000.0,CCOC(=O)CCn1ccc2cc(OC)c(OC)cc2c1=O
55,CHEMBL127478,15000.0,CCOC(=O)CCCn1cc(C(C)=O)c2cc(OC)c(OC)cc2c1=O
56,CHEMBL127989,25000.0,CCOC(=O)CCCn1c(N)nc2cc(OC)c(OC)cc2c1=O
57,CHEMBL127990,55000.0,COc1cc2ccnc(NCCO)c2cc1OC
58,CHEMBL1287881,238.0,CCN1CCN(Cc2ccc(C#C[C@]3(CN4Cc5ccc(OC)cc5C4=O)NC(=O)NC3=O)cc2)CC1
59,CHEMBL1287882,205.0,COc1ccc2c(c1)C(=O)N(C[C@@]1(C#Cc3ccc(N4CCNCC4)cc3)NC(=O)NC1=O)C2
60,CHEMBL1287908,0.47,COc1ccc2c(c1)C(=O)N(C[C@@]1(C#Cc3ccc(CC4CCN(C)CC4)nc3)NC(=O)NC1=O)C2
61,CHEMBL1288000,117.0,COc1ccc2c(c1)C(=O)N(C[C@@]1(C#Cc3ccc(-c4ncccc4O)cc3)NC(=O)NC1=O)C2
62,CHEMBL1288211,139.0,COc1ccc2c(c1)C(=O)N(C[C@@]1(C#Cc3ccc(CC(N)=O)cc3)NC(=O)NC1=O)C2
63,CHEMBL1288726,0.1,CCN1CCN(c2ccc(O)c(-c3ccc(C#C[C@]4(CN5Cc6ccc(OC)cc6C5=O)NC(=O)NC4=O)cc3F)n2)CC1
64,CHEMBL128952,100000.0,CNC(=O)CCCn1cc(Br)c2cc(OC)c(OC)cc2c1=O
65,CHEMBL129792,25000.0,CCOC(=O)CCCn1cnc2ccc(Br)cc2c1=O
66,CHEMBL1299281,4690.0,CCOC(=O)N1CCN(C(=O)c2ccc(Cn3c(=S)[nH]c4ccc(Br)cc4c3=O)cc2)CC1
67,CHEMBL1299367,20000.0,CCCCn1c(SCC(=O)c2ccccc2)nc2c1c(=O)[nH]c(=O)n2C
68,CHEMBL1299637,6760.0,CC(C)(C)c1ccc(-c2noc(CCC(=O)NCc3ccco3)n2)cc1
69,CHEMBL1299751,4530.0,O=C(c1ccc(S(=O)(=O)Cc2ccccc2Cl)c([N+](=O)[O-])c1)N1CCN(c2ccccn2)CC1
70,CHEMBL1302130,2350.0,CC(Nc1ncnc2sccc12)c1ccccc1
71,CHEMBL1302600,20000.0,CC(/C=C/c1ccccc1)=NNC(=O)c1cccc(Br)c1
72,CHEMBL1305007,20000.0,CC1(C)Cc2c(sc(NC(=O)C(=O)N3CCCCC3)c2C(=O)O)CO1
73,CHEMBL1305184,20000.0,CC(C)Sc1nc2c(c(=O)[nH]c(=O)n2C)n1Cc1ccccc1
74,CHEMBL1306769,9630.0,CC1CCc2c(sc(NC(=O)/C=C/c3cccs3)c2C(=O)O)C1
75,CHEMBL1308276,3750.0,Oc1nc(/C=C/c2ccc(Cl)cc2Cl)cc(C(F)(F)F)n1
76,CHEMBL1312200,5700.0,O=C(CSc1nc2ccccc2c(=O)n1Cc1ccccc1)Nc1ccc(Br)cc1C(=O)O
77,CHEMBL1314048,8920.0,Nc1nc2ccccc2n1Cc1ccc(Cl)cc1
78,CHEMBL1314651,20000.0,COc1ccc(-c2cc(N)n(S(=O)(=O)c3ccc(Cl)cc3)n2)cc1OC
79,CHEMBL1316316,20000.0,COc1ccc(S(=O)(=O)n2c(N)nc3ccccc32)cc1
80,CHEMBL1319304,1180.0,CCCCCn1c(=O)[nH]c2cc(C(=O)N3CCN(Cc4ccc5c(c4)OCO5)CC3)ccc2c1=O
81,CHEMBL1320366,20000.0,COC(=O)c1c(NC(=O)c2ccccc2)sc2c1CC(C)(C)OC2
82,CHEMBL1321508,20000.0,Nc1nc2ccccc2n1S(=O)(=O)c1ccccc1
83,CHEMBL1323512,6280.0,Cl.O=[N+]([O-])c1ccc(O)c(Nc2ncnc3ccc(Br)cc23)c1
84,CHEMBL1325227,20000.0,Cc1oc(-c2cccc3ccccc23)nc1CN1CCN(c2ncnc3ccccc23)CC1
85,CHEMBL1325644,20000.0,Cc1cc(NC(=O)c2ccc(C)s2)n(-c2nc3ccccc3[nH]2)n1
86,CHEMBL1325856,704.0,COCCn1c(C)cc(C(=O)COC(=O)c2cccc(O)c2)c1C
87,CHEMBL1327036,20000.0,Nc1cc(-c2ccccc2)nn1S(=O)(=O)c1c(F)c(F)c(F)c(F)c1F
88,CHEMBL1327276,4810.0,COCC1CCN(C(=O)c2cc(COc3ccc4ncccc4c3)on2)CC1
89,CHEMBL1328062,20000.0,Cc1ccc(O)c(N=Cc2cc(Cc3ccccc3)cc([N+](=O)[O-])c2O)c1
90,CHEMBL1329930,880.0,CCCOc1ccc(C=NN=C(S)Nc2ccccc2[N+](=O)[O-])c(O)c1
91,CHEMBL1331314,2120.0,CCCn1c(SCC(=O)Nc2nc3c(s2)CCCC3)nc2c1c(=O)n(C)c(=O)n2C
92,CHEMBL1332003,20000.0,O=C(Nc1nc2ccccc2n1Cc1ccc(Cl)cc1)c1ccco1
93,CHEMBL1333554,20000.0,CC(=O)Nc1nc2ccccc2n1Cc1ccc(Cl)cc1
94,CHEMBL1333593,6880.0,COc1cc(C(=O)Nc2scc(-c3ccc(Br)cc3)c2C(=O)O)cc(OC)c1OC
95,CHEMBL1333821,1960.0,O=C(CSc1nc(O)c2c(-c3ccccc3)csc2n1)Nc1ccccc1
96,CHEMBL1333987,7030.0,Oc1ccc(N=Nc2ccccc2C(F)(F)F)c2cccnc12
97,CHEMBL1334593,4920.0,CCCCn1c(=O)c(C(=O)Nc2cnccn2)c(O)c2ccccc21
98,CHEMBL1335978,7410.0,COc1cc(C(=O)Nc2sc3c(c2C(=O)O)CCC(C)C3)cc(OC)c1OC
99,CHEMBL1336829,13100.0,CCCCn1c(SCC(=O)Nc2nnc(CC)s2)nc2c1c(=O)n(C)c(=O)n2C
100,CHEMBL1338507,20000.0,Cc1cc(Br)ccc1SCC(=O)OC/C(O)=C(\C#N)c1nc2ccccc2[nH]1
101,CHEMBL1341697,10300.0,O=[N+]([O-])c1ccc(Cl)c(/C=C/c2cc(C(F)(F)F)nc(O)n2)c1
102,CHEMBL1342760,20000.0,Cc1ccc(NC(=O)c2ccc(CN3CCc4ccccc4C3)cc2)cc1
103,CHEMBL1343,45762.75,Cc1cc2occ(CN(C)CCN(C)Cc3cn(-c4cccc(C(F)(F)F)c4)c4ccccc34)c(=O)c2cc1C
104,CHEMBL1345225,20000.0,C/C=C/Cn1c(SCc2ccc(Cl)cc2)nc2c1c(=O)[nH]c(=O)n2C
105,CHEMBL1346587,10300.0,COc1ccc(-c2cc(N)n(S(=O)(=O)c3c(F)c(F)c(F)c(F)c3F)n2)cc1OC
106,CHEMBL1346782,12900.0,O=C(Nc1sc2c(c1C(=O)O)CCCC2)c1ccccc1Cl
107,CHEMBL1349185,20000.0,CC1CCc2c(sc(NC(=O)c3cccs3)c2C(=O)O)C1
108,CHEMBL1351584,9520.0,CC1Cc2cc(S(=O)(=O)N3CCN(c4ccc(Cl)cc4)CC3)ccc2N1C(=O)C1CC1
109,CHEMBL1354394,19700.0,O=C(Nc1nc2c(F)cc(F)cc2s1)c1ccc([N+](=O)[O-])o1
110,CHEMBL1354593,20000.0,Nc1cc(-c2ccc(Cl)cc2)nn1S(=O)(=O)c1c(F)c(F)c(F)c(F)c1F
111,CHEMBL1360862,11400.0,Cc1ccc(S(=O)(=O)NCc2ccc(C(=O)N3CCN(c4ccc([N+](=O)[O-])cc4)CC3)cc2)cc1
112,CHEMBL1361156,20000.0,CC(=O)Nc1ccc(NC(=O)c2ccc(CN3CCc4ccccc4C3)cc2)cc1
113,CHEMBL1363341,20000.0,Cc1ccc(S(=O)(=O)n2c(N)nc3cc(C)c(C)cc32)cc1
114,CHEMBL1364793,4880.0,CCC(=O)N1c2ccc(S(=O)(=O)N3CCN(c4ccc([N+](=O)[O-])cc4)CC3)cc2CC1C
115,CHEMBL1369425,7610.0,O=C(c1ccc(Cn2c(=S)[nH]c3ccccc3c2=O)cc1)N1CCN(c2ccccn2)CC1
116,CHEMBL1369879,4230.0,c1ccc(-c2csc3ncnc(NCc4ccccn4)c23)cc1
117,CHEMBL1370066,20000.0,Cc1ccc(Cn2c(NC(=O)c3ccco3)nc3ccccc32)cc1
118,CHEMBL1370183,6240.0,CCOC(=O)C1=C(Cc2ccc(Cl)cc2)C(=O)c2ccccc2C1=O
119,CHEMBL1372308,6620.0,Cc1c(O)ccc2c(-c3ccccc3)cc(=O)oc12
120,CHEMBL1372398,4430.0,O=C(c1ccc(S(=O)(=O)c2cccc(Cl)c2)c([N+](=O)[O-])c1)N1CCN(c2ccccn2)CC1
121,CHEMBL1373066,15500.0,O=C(NC(=S)Nc1sc2c(c1C(=O)O)CCCC2)c1ccccc1
122,CHEMBL1377340,3440.0,CCCCCn1c(=O)c(C(=O)Nc2ccccc2S(N)(=O)=O)c(O)c2ccccc21
123,CHEMBL1377693,2790.0,O=C(Nc1ccc(Oc2cccnc2)nc1)c1ccc(C(F)(F)F)cc1
124,CHEMBL1380813,3090.0,Cc1oc(-c2ccccc2Cl)nc1CSc1nc(O)c2c(n1)CCCC2
125,CHEMBL1380946,20000.0,NC(=O)c1ccc(N2CCN(S(=O)(=O)c3ccccc3)CC2)c([N+](=O)[O-])c1
126,CHEMBL1382232,20000.0,Cc1cc(SCC(=O)OC/C(O)=C(\C#N)c2nc3ccccc3[nH]2)c(C)cc1Br
127,CHEMBL1384652,5820.0,CCCCn1c(SCC(=O)Nc2nnc(C(C)C)s2)nc2c1c(=O)n(C)c(=O)n2C
128,CHEMBL1384893,20000.0,COc1ccc(CNS(=O)(=O)c2ccc3c(c2)CC(C)N3C(=O)C2CC2)cc1
129,CHEMBL1386167,20000.0,COCCn1c(SCCCc2ccccc2)nc2c1c(=O)[nH]c(=O)n2C
130,CHEMBL1387232,19900.0,CC(=O)Nc1nc2ccccc2n1Cc1ccccc1Cl
131,CHEMBL1387448,20000.0,CC1(C)Cc2c(sc(NC(=O)c3ccccc3)c2C(=O)O)CO1
132,CHEMBL1387990,20000.0,Cc1c(C(=O)OCC(=O)c2c(N)n(CC(C)C)c(=O)n(C)c2=O)oc2ccccc12
133,CHEMBL1388113,3220.0,c1ccc(CNc2ncnc3scc(-c4cccs4)c23)nc1
134,CHEMBL1388356,16300.0,Cc1cccc(-n2nc3c4c(ccc3c2O)C(=O)c2ccccc2C4=O)c1
135,CHEMBL1392142,39.1,Cc1cc(C(=O)COC(=O)c2ccccc2O)c(C)n1Cc1cccs1
136,CHEMBL1393375,13200.0,C=CCN(c1ccccc1OC)S(=O)(=O)c1ccc(Cl)c(C(=O)Nc2ccc(N3CCOCC3)cc2)c1
137,CHEMBL1394462,20000.0,COc1ccc(-c2cc(N)n(S(=O)(=O)c3ccccc3)n2)cc1OC
138,CHEMBL1397246,20000.0,COc1ccc(-c2cc(N)n(S(=O)(=O)c3ccc(C(C)(C)C)cc3)n2)cc1OC
139,CHEMBL1400601,15100.0,CN(Cc1ccc(F)cc1)S(=O)(=O)c1nnc(NC(=O)c2ccccc2)s1
140,CHEMBL1401026,2090.0,CN(C)S(=O)(=O)c1cccc(CSCc2cccc(S(=O)(=O)N(C)C)c2)c1
141,CHEMBL1405076,20000.0,O=C(O)c1c(-n2cccc2)sc2c1CCCC2
142,CHEMBL1405985,4630.0,O=C(CSc1ccccc1NS(=O)(=O)c1ccccc1F)Nc1nnc(C(F)(F)F)s1
143,CHEMBL1407805,20000.0,Nc1nc2ccccc2n1S(=O)(=O)c1ccc([N+](=O)[O-])cc1
144,CHEMBL1408298,414.0,CCOc1cccc(C=NN=C(S)Nc2ccccc2[N+](=O)[O-])c1O
145,CHEMBL1410618,20000.0,CCC(=O)Nc1nc2ccccc2n1Cc1ccc(Cl)cc1
146,CHEMBL1411091,20000.0,O=C(CSc1nc(O)c2c(-c3ccccc3)csc2n1)NC1CCCCC1
147,CHEMBL1411639,2110.0,Cc1cc(-c2ccc(C)c(S(=O)(=O)N3CCN(c4ccc([N+](=O)[O-])cc4)CC3)c2)on1
148,CHEMBL1411903,20000.0,Cc1ccc(S(=O)(=O)n2c(C)nc3ccccc32)cc1
149,CHEMBL1411912,627.0,O=C(Nc1ccc(S(=O)(=O)N2CCOCC2)cc1)c1ccc(CN2CCc3ccccc3C2)cc1
150,CHEMBL1412853,20000.0,Cc1ccc(S(=O)(=O)n2c(N)nc3ccccc32)cc1
151,CHEMBL1415184,703.0,Cc1cc(C(=O)NC2CCCc3c2cnn3-c2cccc(C)c2C)n(C)n1
152,CHEMBL1417851,39.1,COCCn1c(C)cc(C(=O)COC(=O)c2ccccc2Br)c1C
153,CHEMBL1419822,1320.0,Cn1c(=O)[nH]c(=O)c2c1nc([N+](=O)[O-])n2Cc1ccccc1
154,CHEMBL1420187,6500.0,CC(=O)c1ccc(N2CCN(S(=O)(=O)c3ccc4c(c3)CC(C)N4C(C)=O)CC2)cc1
155,CHEMBL1424118,11100.0,Nc1nc(CCl)nc(Nc2ccc3ccccc3c2)n1
156,CHEMBL1424982,20000.0,CCOC(=O)c1c(NC(=O)c2cccs2)sc2c1CC(C)(C)OC2
157,CHEMBL1426966,8200.0,Cc1ccc(CSc2nc(O)c(C#N)c(-c3ccccc3)n2)cc1
158,CHEMBL1427550,20000.0,CSC(S)=NN=Cc1ccc(Br)cc1
159,CHEMBL1433326,20000.0,COc1ccc(C(=O)Cn2c(N)nc3ccccc32)cc1
160,CHEMBL1433943,6640.0,CC1CCN(S(=O)(=O)c2nnc(NC(=O)c3cccc(Cl)c3)s2)CC1
161,CHEMBL1434007,20000.0,Cc1ccc(S(=O)(=O)n2c(=S)[nH]c3cc(C)ccc32)cc1
162,CHEMBL1434502,7520.0,Cc1ccc2c(c1)CCCN2S(=O)(=O)c1cccc(C(=O)Nc2ccccc2C(=O)O)c1
163,CHEMBL1439726,20000.0,CC1(C)Cc2c(sc(NC(=O)c3ccccc3Cl)c2C(=O)O)CO1
164,CHEMBL1441295,20000.0,N#C/C(=C(/O)COC(=O)CSc1ccc2ccccc2c1)c1nc2ccccc2[nH]1
165,CHEMBL1444568,3350.0,CCCCn1c(CN2CCN(c3cccc(Cl)c3)CC2)nc2c1c(=O)n(C)c(=O)n2C
166,CHEMBL1445071,20000.0,COc1cc(/C=C2/C(=O)NN(c3cccc(Cl)c3)C2=O)cc(Br)c1O
167,CHEMBL1445206,20000.0,COc1ccc(C(=O)NC(=S)N(C)C2CCCCC2)cc1Br
168,CHEMBL1446570,16900.0,CS(=O)(=O)c1ccc2nc(NC(=O)c3cccc(NS(=O)(=O)c4ccc(F)c(F)c4)c3)sc2c1
169,CHEMBL1447125,9450.0,Cc1cccc(Nc2nc(N)nc(CCl)n2)c1C
170,CHEMBL1448844,20000.0,C/C=C/Cn1c(SCc2ccccc2)nc2c1c(=O)[nH]c(=O)n2C
171,CHEMBL1449663,13400.0,O=C(Nc1sc2c(c1C(=O)O)CCCC2)c1ccc(Cl)cc1
172,CHEMBL1450208,9820.0,Cc1ccc(C(=O)N2CCN(c3ccc(F)cc3)CC2)cc1S(=O)(=O)N1CCCCC1
173,CHEMBL1450407,3850.0,COc1ccc(N2CCN(S(=O)(=O)c3ccc4c(c3)CC(C)N4C(=O)C3CC3)CC2)cc1
174,CHEMBL1450483,20000.0,CCCCCn1c(=O)c(C(=O)Nc2cnccn2)c(O)c2ccccc21
175,CHEMBL1452157,5210.0,C/C(Cl)=C\Cn1c(NCCc2ccccc2)nc2c1c(=O)n(C)c(=O)n2C
176,CHEMBL1453730,5970.0,Cc1oc(-c2cc(F)ccc2F)nc1CN1CCN(c2ncnc3ccccc23)CC1
177,CHEMBL1461631,200.0,Cn1nccc1C(=O)NC1CCCc2c1cnn2-c1ccc(C(C)(C)C)cc1
178,CHEMBL1462906,8050.0,N#Cc1c(O)nc(SCc2cccc(C(F)(F)F)c2)nc1-c1ccccc1
179,CHEMBL1464332,5030.0,Cc1oc2c(C)c3oc(=O)c(CCC(=O)O)c(C)c3cc2c1-c1ccccc1
180,CHEMBL1465706,639.0,O=C(Nc1ccc(S(=O)(=O)N2CCCC2)cc1)c1ccc(CN2CCc3ccccc3C2)cc1
181,CHEMBL1466495,8650.0,Cc1ccc(SCc2cc(O)nc(SCC(=O)Nc3cc(Cl)ccc3Cl)n2)cc1
182,CHEMBL1468181,952.0,CC(C)(C)c1ccc(C(=O)O/N=C(\N)c2ccccn2)cc1
183,CHEMBL1468596,10200.0,COc1ccc(N2CCN(S(=O)(=O)c3ccc4c(c3)NC(=O)C(C)S4)CC2)cc1
184,CHEMBL1468879,20000.0,C=CCn1c(SCCCc2ccccc2)nc2c1c(=O)[nH]c(=O)n2C
185,CHEMBL1472084,10900.0,COC(=O)c1scc(S(=O)(=O)C(C)C)c1NN=C(C#N)C(=O)c1ccc(Cl)cc1
186,CHEMBL1472304,5240.0,CN(Cc1cccnc1)C(=O)c1cc(COc2ccc3ncccc3c2)on1
187,CHEMBL1472748,20000.0,O=C(Nc1nnc(S(=O)(=O)N2CCCCCC2)s1)c1ccc(Br)cc1
188,CHEMBL1480238,230.0,COC(=O)c1ccc2nc(Nc3nc4c(F)cc(F)cc4s3)sc2c1
189,CHEMBL1481543,70.6,Cc1ccc(C(=O)O/N=C(\N)c2ccccn2)c(C)c1
190,CHEMBL1481570,20000.0,CCC(=O)Nc1nc2ccccc2n1Cc1ccccc1
191,CHEMBL1481689,20000.0,Cc1nc(CN(C)C(=O)c2cc(COc3ccc4ncccc4c3)on2)cs1
192,CHEMBL1482357,20000.0,O=C(NC(=S)N1CCN(c2ccc(F)cc2)CC1)c1cccs1
193,CHEMBL1484482,5550.0,O=C(c1ccc(S(=O)(=O)N2CCCCC2)cc1)N1CCN(CCN2C(=O)c3cccc4cccc(c34)C2=O)CC1
194,CHEMBL1485417,1440.0,Cc1cc(C(=O)NC2CCCc3c2cnn3-c2ccc(C(C)(C)C)cc2)nn1C
195,CHEMBL1487136,79.3,Cc1cc(C(=O)NC2CCCc3c2cnn3-c2ccc(C)c(C)c2)n(C)n1
196,CHEMBL1487641,20000.0,CC(=O)Nc1nc2ccccc2n1Cc1ccccc1
197,CHEMBL1488993,20000.0,Nc1nc2ccccc2n1CCOc1ccc(Cl)cc1
198,CHEMBL1489105,11300.0,Oc1nc(/C=C/c2ccccc2C(F)(F)F)cc(C(F)(F)F)n1
199,CHEMBL1491481,20000.0,CCCn1c(SCCc2ccccc2)nc2c1c(=O)[nH]c(=O)n2C
200,CHEMBL1491541,11000.0,CCCc1nc(SCC(=O)N2CCC(Cc3ccccc3)CC2)c2c(=O)n(C)c(=O)n(C)c2n1
201,CHEMBL1492752,712.0,Cn1nccc1C(=O)NC1CCCc2c1cnn2-c1ccc(F)cc1F
202,CHEMBL1495977,462.0,COC(=O)c1ccc2nc(Nc3nc4ccc(F)cc4s3)sc2c1
203,CHEMBL1500624,20000.0,Cc1ccc(C(=O)Nc2sc3c(c2C(=O)O)CCCC3)o1
204,CHEMBL1501470,20000.0,COc1ccc2oc(C[S+]([O-])c3ccccc3)c(C(=O)O)c2c1
205,CHEMBL1502127,6220.0,Cc1ccccc1/C=C1\Sc2ccc(C(=O)N3CCN(c4ccccn4)CC3)cc2N(C)C1=O
206,CHEMBL1504170,20000.0,COc1ccc(N2CCN(C(=O)c3ccc(CNS(=O)(=O)c4ccc(C)cc4)cc3)CC2)cc1
207,CHEMBL1507048,45762.75,Cc1nc2ccccc2n1Cc1ccccc1
208,CHEMBL1508723,12300.0,COc1cccc(Nc2nc3ccccc3nc2NS(=O)(=O)c2cccs2)c1
209,CHEMBL1515929,20000.0,COc1ccc(-c2cc(N)n(S(=O)(=O)c3ccc(F)cc3)n2)cc1OC
210,CHEMBL1519375,8490.0,C/C=C/Cn1c(SCCCc2ccccc2)nc2c1c(=O)[nH]c(=O)n2C
211,CHEMBL1519988,20000.0,Cc1ccc(S(=O)(=O)n2cnc3ccccc32)cc1
212,CHEMBL1521474,20000.0,Nc1nc2ccccc2n1S(=O)(=O)c1ccc(Cl)cc1
213,CHEMBL1524014,179.0,CCc1cc(C(=O)NC2CCCc3c2cnn3-c2cccc(C)c2C)n(C)n1
214,CHEMBL1525546,20000.0,Fc1ccc(NC(S)=Nc2nccs2)cc1
215,CHEMBL1525735,2840.0,Cc1ccc(NC(=O)C2CCN(S(=O)(=O)c3ccc4c(c3)NC(=O)C(C)S4)CC2)cc1Cl
216,CHEMBL1525854,20000.0,COc1ccc(-c2cc(=O)oc3cc(OCC(=O)Nc4ccc(CCO)cc4)ccc23)cc1
217,CHEMBL1525940,20000.0,O=C(/C=C/c1cccs1)Nc1sc2c(c1C(=O)O)CCCC2
218,CHEMBL1526705,20000.0,O=C(CCc1ccccc1)Nc1sc2c(c1C(=O)O)CCCC2
219,CHEMBL1528258,20000.0,Cc1cccc(Nc2nc(N)nc(CCl)n2)c1
220,CHEMBL1529395,4430.0,CCn1nc(C)cc1C(=O)NC1CCCc2c1cnn2-c1ccc(C)c(C)c1
221,CHEMBL1529494,12300.0,Cc1cc(Cl)ccc1OCC(=O)Nc1ccccc1NS(=O)(=O)c1cccs1
222,CHEMBL1529741,12500.0,CC1=C(C(=O)NC2CCCc3c2cnn3-c2cccc(C)c2C)OCCO1
223,CHEMBL1530557,3150.0,CC1Sc2ccc(S(=O)(=O)N3CCC(C(=O)Nc4ccc(Cl)cc4)CC3)cc2NC1=O
224,CHEMBL1531328,4280.0,Cn1nccc1C(=O)NC1CCCc2c1cnn2-c1ccccc1F
225,CHEMBL1532172,20000.0,O=C(Nc1sc2c(c1C(=O)O)CCCC2)C(=O)N1CCOCC1
226,CHEMBL1532328,2880.0,O=C(Nc1ccc(F)cc1)c1ccc(CN2CCc3ccccc3C2)cc1
227,CHEMBL1534716,20000.0,O=C(Nc1nc2ccccc2n1Cc1ccccc1)c1ccco1
228,CHEMBL1535050,20000.0,Nc1nc2ccccc2n1C(=O)c1ccc(F)cc1
229,CHEMBL1537124,6020.0,CC(=O)N1c2ccc(S(=O)(=O)N3CCC(C(=O)Nc4cccc(C)n4)CC3)cc2CC1C
230,CHEMBL1538154,4690.0,COc1ccc(-c2cc(C)no2)cc1S(=O)(=O)N1CCN(c2ccc(F)cc2)CC1
231,CHEMBL1538784,3185.0,CC(=O)c1ccc(N2CCN(S(=O)(=O)c3ccc4c(c3)CC(C)N4C(=O)C3CC3)CC2)cc1
232,CHEMBL1541475,20000.0,N#C/C(=C(/O)COC(=O)CSc1ccc(Cl)cc1)c1nc2ccccc2[nH]1
233,CHEMBL1542483,12400.0,NC(=O)C1CCN(c2ccc(S(=O)(=O)N3CCC(Cc4ccccc4)CC3)cn2)CC1
234,CHEMBL1542558,18000.0,COc1ccc(NC(C)=O)cc1S(=O)(=O)Nc1ccc(OCc2ccccc2)cc1
235,CHEMBL1542713,4590.0,O=C(COc1ccc2c(-c3ccccc3)cc(=O)oc2c1)Nc1cccnc1
236,CHEMBL1543504,8160.0,CCc1cc2c3c(c1)C(C)CC(C)(C)N3C(=O)/C2=C1\SC(=O)NC1=O
237,CHEMBL1554526,3180.0,Nc1nc2ccccc2n1C(=O)c1ccc(Cl)cc1Cl
238,CHEMBL1556990,20000.0,CC1(C)Cc2c(sc(NC(=O)c3ccco3)c2C(=O)O)CO1
239,CHEMBL1561275,6620.0,Cc1nn(-c2ccccc2)c2nc(C(Cl)(Cl)Cl)nc(O)c12
240,CHEMBL1562608,20000.0,CCC(=O)Nc1nc2ccccc2n1Cc1ccccc1Cl
241,CHEMBL1562819,6310.0,Cc1onc(-c2ccccc2)c1C(=O)Nc1ncc([N+](=O)[O-])s1
242,CHEMBL1565083,4190.0,COc1ccccc1CNc1ncnc2sccc12
243,CHEMBL1567543,20000.0,CC(C)n1c(SCCCc2ccccc2)nc2c1c(=O)[nH]c(=O)n2C
244,CHEMBL1567684,8030.0,COc1ccc(CN(C)S(=O)(=O)c2nnc(NC(=O)c3cccc(F)c3)s2)cc1
245,CHEMBL1568877,4720.0,O=C(Nc1cccc([N+](=O)[O-])c1)c1ccc2ccccc2c1O
246,CHEMBL1569174,140.0,CCOC(=O)c1ccc(NC(=O)c2ccc(CN3CCc4ccccc4C3)cc2)cc1
247,CHEMBL1569954,2050.0,CCOc1ccc(NC(=O)c2ccc(CN3CCc4ccccc4C3)cc2)cc1
248,CHEMBL1569988,1510.0,CC(C)(C)c1ccc(C(=O)O/N=C(\N)c2ccccc2)cc1
249,CHEMBL1571150,14500.0,Cc1cccc(-n2ncc3c2CCCC3NC(=O)C2(C(N)=O)CC2)c1C
250,CHEMBL1573795,20000.0,COc1cccc(C(=O)Nc2sc3c(c2C(=O)O)CCCC3)c1
251,CHEMBL1574961,20000.0,O=S(=O)(Nc1nc2ccccc2[nH]1)c1ccc(Cl)cc1
252,CHEMBL1578700,6580.0,O=C(c1ccc(S(=O)(=O)c2ccccc2Cl)c([N+](=O)[O-])c1)N1CCN(Cc2ccccc2)CC1
253,CHEMBL1581027,20000.0,CCOC(=O)c1c(NC(=O)CN2CCOCC2)sc2c1CC(C)(C)OC2
254,CHEMBL1586616,5880.0,N#CC(c1ccccc1)c1ccc2c(C(F)(F)F)cc(C(F)(F)F)nc2n1
255,CHEMBL1595049,20000.0,CCCCCn1c(SCCc2ccccc2)nc2c1c(=O)[nH]c(=O)n2C
256,CHEMBL1595779,3220.0,CSc1ccccc1OCc1cc(C(=O)N2CCC(c3ccncc3)CC2)no1
257,CHEMBL1595790,39.1,Cc1ccc2oc(N=C(N)NC(=O)C(C)(C)C)nc2c1
258,CHEMBL1597561,45.6,Cc1cc(C(=O)COC(=O)c2ccccc2Br)c(C)n1CC1CCCO1
259,CHEMBL1599782,11100.0,CCOC(=O)c1c(C)[nH]c(C)c1C(=O)CSc1nc2ccccc2c(=O)n1-c1ccc(CC)cc1
260,CHEMBL1600776,4240.0,C=CCC1(CC=C)CCCN1C(=O)c1cc(COc2ccc(C)nc2)on1
261,CHEMBL1603938,20000.0,Cc1ccc(C)c(SCC(=O)OC/C(O)=C(\C#N)c2nc3ccccc3[nH]2)c1
262,CHEMBL1606820,16500.0,CC(C)(C)C(=O)/N=C(\N)Nc1nc2ccccc2o1
263,CHEMBL1607172,4730.0,Cc1ccccc1C(=O)N1CCN(c2ccc(NC(=O)c3ccc4c(c3)OCCO4)cc2)CC1
264,CHEMBL1607187,616.0,O=C(Nc1ccc(S(=O)(=O)N2CCCCC2)cc1)c1ccc(CN2CCc3ccccc3C2)cc1
265,CHEMBL1608707,13000.0,COc1ccc(CNc2ncnc3sccc23)cc1OC
266,CHEMBL1611733,3180.0,CCCCCCCn1c(=O)c(C(=O)Nc2cnccn2)c(O)c2ccccc21
267,CHEMBL1612423,4655.0,O=C(Nc1ccc(Cl)cc1)c1ccc(CN2CCc3ccccc3C2)cc1
268,CHEMBL169239,12000.0,CCOC(=O)CCCn1c(=O)c2nccnc2n(C)c1=O
269,CHEMBL169795,60000.0,CCOC(=O)CCCn1c(=O)c2c(nc(Br)n2C)n(C)c1=O
270,CHEMBL1698072,20000.0,Nc1cc(NC(=O)c2ccc3ccccc3c2O)ccc1Cl
271,CHEMBL1698552,20000.0,O=C(Nc1nc2ccccc2n1Cc1ccc(Cl)cc1)c1ccc(F)cc1
272,CHEMBL1698647,20000.0,Cc1cc(C(=O)NC2CCCc3c2cnn3-c2ccccc2F)n(Cc2ccc(F)cc2)n1
273,CHEMBL169882,200000.0,Cn1c(=O)n(CCCC(=O)O)c(=O)c2nccnc21
274,CHEMBL1699128,246.0,CC(C)(C)c1ccc(-c2nc3ccccc3s2)cc1
275,CHEMBL1699379,20000.0,CCC(=O)N1CCc2cc(S(=O)(=O)N3CCN(c4ccc(Cl)cc4)CC3)ccc21
276,CHEMBL1699939,20000.0,Nc1cc(-c2ccccc2)nn1S(=O)(=O)c1ccc(F)c(Cl)c1
277,CHEMBL1700026,20000.0,CCC(=O)N1CCc2cc(S(=O)(=O)N3CCN(c4ccc([N+](=O)[O-])cc4)CC3)ccc21
278,CHEMBL1700382,20000.0,COc1ccc(C(=O)Nc2nc3ccccc3n2Cc2ccc(Cl)cc2)cc1
279,CHEMBL1700405,650.0,COc1ccc(NC(=O)c2ccc(CN3CCc4ccccc4C3)cc2)cc1
280,CHEMBL1700576,20000.0,N#Cc1ccccc1S(=O)(=O)n1c(N)nc2ccccc21
281,CHEMBL1700643,12500.0,Nc1nc2ccccc2n1Cc1ccccc1Cl
282,CHEMBL1700774,19900.0,COc1ccc(-c2cc(N)n(S(=O)(=O)c3ccc(F)c(C)c3)n2)cc1
283,CHEMBL1700826,20000.0,CCOc1ccc(NC(=O)c2ccc(CN3CCc4ccccc43)cc2)cc1
284,CHEMBL1700889,14100.0,CC(=O)N1c2ccc(S(=O)(=O)N3CCN(c4ccccc4)CC3)cc2CC1C
285,CHEMBL1701049,20000.0,O=C(Nc1nc2ccccc2n1Cc1ccccc1Cl)c1ccc(Cl)cc1
286,CHEMBL1701407,39.1,COC(=O)CC1=NN(c2nc3ccccc3s2)C(=O)/C1=C(/C)Nc1ccc(OC)cc1
287,CHEMBL1702238,20000.0,N#Cc1ccc(S(=O)(=O)n2c(N)nc3ccccc32)cc1
288,CHEMBL170259,200000.0,COC(=O)c1ccc(Cn2c(=O)c3c(nc(Br)n3C)n(C)c2=O)cc1
289,CHEMBL170267,200000.0,CCOC(=O)c1ccc(Cn2c(=O)c3c(nc(S)n3C)n(C)c2=O)cc1
290,CHEMBL1702900,206.0,Cc1ccc([N+](=O)[O-])cc1NC(=O)c1cc(Cl)c2ccccc2c1O
291,CHEMBL1702956,20000.0,Nc1nc2ccccc2n1S(=O)(=O)c1ccc(C(F)(F)F)cc1
292,CHEMBL1703491,20000.0,Cc1cc(C(=O)NC2CCCc3c2cnn3-c2ccccc2F)n(C)n1
293,CHEMBL1703493,20000.0,CC(=O)Nc1nc2ccccc2n1S(=O)(=O)c1ccc(Cl)cc1
294,CHEMBL1703685,1360.0,COc1ccc(-c2cc(C(=O)NC3CCCc4c3cnn4-c3ccccc3F)n(C)n2)cc1
295,CHEMBL170395,175000.0,CCOC(=O)CCCn1c(=O)c2nccnc2n(Cc2ccccc2)c1=O
296,CHEMBL1704728,372.0,CSc1ccc(NC(=O)c2ccc(CN3CCc4ccccc4C3)cc2)cc1
297,CHEMBL170479,6000.0,CCOC(=O)CCCn1c(=O)c2c(ncn2C)n(C)c1=O
298,CHEMBL1704929,20000.0,Cc1ccccc1C(=O)Nc1nc2ccccc2n1Cc1ccc(Cl)cc1
299,CHEMBL1705002,36.9,COC(=O)CC1=NN(c2nc3ccccc3s2)C(=O)/C1=C(/C)Nc1ccc(Cl)cc1
300,CHEMBL1705192,20000.0,CC(C)c1ccc(S(=O)(=O)n2c(N)nc3ccccc32)cc1
301,CHEMBL1705298,4080.0,COc1ccc(-c2nc(CN3CCN(c4ncnc5ccccc45)CC3)c(C)o2)cc1
302,CHEMBL1706268,8790.0,CC(=O)N1CCc2cc(S(=O)(=O)N3CCN(c4ccc(C#N)cc4)CC3)ccc21
303,CHEMBL1706335,752.0,O=C(CSc1nc2scc(-c3ccccc3)c2c(=O)[nH]1)Nc1ccc(C(F)(F)F)cc1
304,CHEMBL1706382,20000.0,CN(C)c1ccc(NC(=O)c2ccc(CN3CCCCC3)cc2)cc1
305,CHEMBL1706542,20000.0,CCC(=O)N1CCc2cc(S(=O)(=O)N3CCN(c4ccc(C#N)cc4)CC3)ccc21
306,CHEMBL1706800,6820.0,CC1CCc2c(sc(NC(=O)c3ccc(Br)cc3)c2C(=O)O)C1
307,CHEMBL170684,45762.75,CCCCn1c(=O)[nH]c(=O)c2nccnc21
308,CHEMBL1706944,20000.0,O=C(Nc1ccc(Cl)c(Cl)c1)c1ccc(CN2CCc3ccccc3C2)cc1
309,CHEMBL1708215,20000.0,COc1ccc(NC(=O)c2ccc(CN3CCCCC3)cc2)cc1
310,CHEMBL1708434,20000.0,CC(=O)Nc1nc2ccccc2n1S(=O)(=O)c1ccc(C)cc1
311,CHEMBL1708503,2720.0,Cn1nc(-c2ccc(Cl)cc2)cc1C(=O)NC1CCCc2c1cnn2-c1ccccc1F
312,CHEMBL170855,100000.0,CCOC(=O)CCCn1c(=O)c2c(nc(S)n2C)n(C)c1=O
313,CHEMBL170920,20000.0,CCOC(=O)CCCn1c(=O)c2nccnc2n(CC(C)C)c1=O
314,CHEMBL1709366,20000.0,Cn1nccc1C(=O)N[C@@H]1CCCc2c1cnn2-c1ccccc1F
315,CHEMBL1709705,584.0,CCC(=O)N1c2ccc(S(=O)(=O)N3CCN(c4ccc(Cl)cc4)CC3)cc2CC1C
316,CHEMBL170985,45762.75,Cn1c(=O)[nH]c(=O)c2nsnc21
317,CHEMBL1710033,1500.0,O=C(Nc1ccc(Br)cc1)c1ccc(CN2CCc3ccccc3C2)cc1
318,CHEMBL1710228,20000.0,O=C(Nc1ccc(Cl)cc1)c1ccc(CCN2CCc3ccccc3C2)cc1
319,CHEMBL1711273,4410.0,CC1CCc2c(sc(NC(=O)c3ccc(Cl)cc3)c2C(=O)O)C1
320,CHEMBL1711631,20000.0,Nc1nc2ccccc2n1S(=O)(=O)c1ccc(Cl)c(Cl)c1
321,CHEMBL171179,16000.0,CCCCCn1c(=O)n(CCCC(=O)OCC)c(=O)c2nccnc21
322,CHEMBL1711872,20000.0,Cc1ccccc1S(=O)(=O)n1c(N)nc2ccccc21
323,CHEMBL1712022,20000.0,CCOc1ccc(C(=O)NC2CCCc3c2cnn3-c2ccccc2F)cc1
324,CHEMBL1712058,15300.0,CC1Cc2cc(S(=O)(=O)N3CCN(c4ccccc4)CC3)ccc2N1C(=O)C1CC1
325,CHEMBL171272,130000.0,CCOC(=O)CCCn1c(=O)c2nc(CC)c(CC)nc2n(C)c1=O
326,CHEMBL1712964,20000.0,COC(=O)CC1=NN(c2ccccc2)C(=O)/C1=C/Nc1ccc(C)cc1
327,CHEMBL171344,45762.75,O=c1[nH]c(=O)n(C2CCOC2)c2nccnc12
328,CHEMBL171406,10000.0,CCOC(=O)CCn1c(=O)c2c(ncn2C)n(C)c1=O
329,CHEMBL171452,200000.0,Cn1c(=O)[nH]c(=O)c2[nH]c(S)nc21
330,CHEMBL1714566,20000.0,O=C(NC1CCCc2c1cnn2-c1ccccc1F)c1ccnn1-c1ccccc1
331,CHEMBL1714724,20000.0,COC(=O)c1c(NC(=O)c2ccc(Cl)cc2)sc2c1CCCC2
332,CHEMBL171502,45762.75,Cn1c(=O)[nH]c(=O)c2nc(-c3ccccc3)cnc21
333,CHEMBL171557,45762.75,CCCCCCCn1c(=O)c(N=O)c(N)n(C)c1=O
334,CHEMBL171563,45762.75,CCCn1c(=O)[nH]c(=O)c2nsnc21
335,CHEMBL1715638,20000.0,COc1ccc(NC(=O)c2ccc(CN3CCc4ccccc43)cc2)cc1
336,CHEMBL1716085,20000.0,COC(=O)c1c(NC(=O)C(=O)N2CCCCC2)sc2c1CC(C)(C)OC2
337,CHEMBL1716673,20000.0,CCC(=O)N1CCc2cc(S(=O)(=O)N3CCN(c4ccc(C(C)=O)cc4)CC3)ccc21
338,CHEMBL171674,45762.75,Cn1c(=O)[nH]c(=O)c2nccnc21
339,CHEMBL1716972,20000.0,CC(=O)N1CCc2cc(S(=O)(=O)N3CCN(c4ccc([N+](=O)[O-])cc4)CC3)ccc21
340,CHEMBL1717116,4300.0,COc1ccc(N2CCN(S(=O)(=O)c3ccc4c(c3)CC(C)N4C(C)=O)CC2)cc1
341,CHEMBL1717353,12400.0,O=C(C1CC1)N1CCc2cc(S(=O)(=O)N3CCN(c4ccc([N+](=O)[O-])cc4)CC3)ccc21
342,CHEMBL171737,45762.75,CCc1nc2c(=O)n(CCCC(=O)O)c(=O)n(C)c2nc1CC
343,CHEMBL171743,45762.75,CCCn1c(=O)[nH]c(=O)c2nccnc21
344,CHEMBL1717510,20000.0,O=C(Nc1nc2ccccc2n1Cc1ccc(Cl)cc1)c1ccc(Cl)cc1
345,CHEMBL1717950,20000.0,O=C(Nc1nc2ccccc2n1Cc1ccccc1Cl)c1cccs1
346,CHEMBL1718692,20000.0,CC(=O)N1CCc2cc(S(=O)(=O)N3CCN(c4ccc(Cl)cc4)CC3)ccc21
347,CHEMBL1718730,5680.0,COC(=O)c1c(NC(=O)C=Cc2cccs2)sc2c1CCC(C)C2
348,CHEMBL1718809,20000.0,O=C(Nc1nc2ccccc2n1Cc1ccccc1Cl)C1CCCCC1
349,CHEMBL1719080,20000.0,CN(C(=O)c1ccccc1)C(c1ccccc1)c1c[nH]c2ccccc12
350,CHEMBL1719188,2250.0,O=C(Nc1sc2c(c1C(=O)O)CCCC2)c1ccc(Br)cc1
351,CHEMBL171936,45762.75,CCOC(=O)CCCNC(=O)c1ccccc1NC
352,CHEMBL1719472,20000.0,CCc1cc(C(=O)NC2CCCc3c2cnn3-c2ccccc2F)no1
353,CHEMBL1719579,20000.0,O=C(Nc1ccc(CN2CCc3ccccc3C2)cc1)c1ccc(Cl)cc1
354,CHEMBL171989,5000.0,CCCn1c(=O)n(CCCC(=O)OCC)c(=O)c2c1ncn2C
355,CHEMBL1719980,13200.0,CC(=O)c1ccc(N2CCN(S(=O)(=O)c3ccc4c(c3)CCN4C(C)=O)CC2)cc1
356,CHEMBL1720257,5760.0,CC(=O)N1c2ccc(S(=O)(=O)N3CCN(c4ccc(Cl)cc4)CC3)cc2CC1C
357,CHEMBL1720861,20000.0,CCOc1ccc(NC(=O)c2ccc(CCN3CCc4ccccc4C3)cc2)cc1
358,CHEMBL1721154,20000.0,COC(=O)c1c(NC(=O)c2cccc(F)c2)sc2c1CCC(C)C2
359,CHEMBL1721360,20000.0,O=C(Nc1ccc(F)cc1)c1ccc(CN2CCCCC2)cc1
360,CHEMBL1721926,1630.0,CCC(=O)N1c2ccc(S(=O)(=O)N3CCN(c4ccc(C(C)=O)cc4)CC3)cc2CC1C
361,CHEMBL172224,200000.0,CCCn1c(=O)n(CCCC(=O)O)c(=O)c2nccnc21
362,CHEMBL1723575,20000.0,O=C(Nc1nc2ccccc2n1Cc1ccc(Cl)cc1)c1cccs1
363,CHEMBL1723582,20000.0,O=C(Nc1ccc(F)cc1)c1ccc(CN2CCc3ccccc32)cc1
364,CHEMBL1724688,20000.0,O=C(Nc1nc2ccccc2n1Cc1ccccc1Cl)c1ccco1
365,CHEMBL1725059,20000.0,Nc1nc2ccccc2n1S(=O)(=O)c1ccc(F)cc1
366,CHEMBL1725440,20000.0,CC(C)C(=O)N(C)C(c1ccccc1)c1c[nH]c2ccccc12
367,CHEMBL1725712,20000.0,Cc1ccc(N2CCN(S(=O)(=O)c3ccc4c(c3)CC(C)N4C(=O)C3CC3)CC2)cc1
368,CHEMBL1726092,20000.0,CCCCNCC(=O)Nc1sc2c(c1C(=O)O)CCCC2
369,CHEMBL172619,200000.0,CCOC(=O)CCCn1c(=O)c2nc(-c3ccccc3)cnc2n(C)c1=O
370,CHEMBL1726554,20000.0,COc1ccc(-c2cc(N)n(S(=O)(=O)c3cccc([N+](=O)[O-])c3)n2)cc1OC
371,CHEMBL172669,11000.0,CCOC(=O)CCCCn1c(=O)c2c(ncn2C)n(C)c1=O
372,CHEMBL1726725,20000.0,CCOc1ccc(NC(=O)c2ccc(CN3CCCCC3)cc2)cc1
373,CHEMBL1727158,19600.0,CSc1ccc(NC(=O)c2ccc(CN3CCCCC3)cc2)cc1
374,CHEMBL1727369,20000.0,CCc1cc(C(=O)NC2CCCc3c2cnn3-c2ccc(F)cc2F)no1
375,CHEMBL1727785,20000.0,COc1ccc(C(=O)Nc2sc3c(c2C(=O)O)CC(C)(C)OC3)cc1OC
376,CHEMBL1727981,870.0,O=C(Nc1ccc(Cl)c([N+](=O)[O-])c1)c1ccc2ccccc2c1O
377,CHEMBL1728008,20000.0,CCOc1ccc(C(=O)Nc2ccc(CN3CCc4ccccc4C3)cc2)cc1
378,CHEMBL1728408,20000.0,O=C(Nc1nc2ccccc2n1Cc1ccc(Cl)cc1)c1ccccc1
379,CHEMBL1728652,10800.0,CCOC(=O)c1ccc(NC(=O)c2ccc(CCN3CCc4ccccc4C3)cc2)cc1
380,CHEMBL1729147,20000.0,Nc1nc2ccccc2n1C(=O)Cc1ccccc1
381,CHEMBL1729430,15600.0,CC(C)(C)NC(=S)NNC=C1C=C(Br)C(=O)C(Br)=C1
382,CHEMBL1729457,20000.0,CCC1CCc2c(sc(NC(=O)c3ccccc3Br)c2C(=O)OC)C1
383,CHEMBL1729511,20000.0,CC(C)(C)c1ccc(C(=O)O/N=C(\N)c2cccc([N+](=O)[O-])c2)cc1
384,CHEMBL1729949,20000.0,CSc1ccc(NC(=O)c2ccc(CN3CCc4ccccc43)cc2)cc1
385,CHEMBL1730320,20000.0,O=C(C1CC1)N1CCc2cc(S(=O)(=O)N3CCN(c4ccc(Cl)cc4)CC3)ccc21
386,CHEMBL1730398,20000.0,Cc1cc(C(=O)NC2CCCc3c2cnn3-c2ccccc2F)[nH]n1
387,CHEMBL1731457,20000.0,Nc1nc2ccccc2n1S(=O)(=O)c1cccc2ccccc12
388,CHEMBL1731580,20000.0,CC(C)C(=O)Nc1nc2ccccc2n1Cc1ccc(Cl)cc1
389,CHEMBL1731582,16600.0,CC(=O)c1ccc(N2CCN(S(=O)(=O)c3ccc4c(c3)CCN4C(=O)C3CC3)CC2)cc1
390,CHEMBL1731586,5370.0,CN(C)c1ccc(NC(=O)c2ccc(CN3CCc4ccccc43)cc2)cc1
391,CHEMBL1731774,994.0,Cn1nccc1C(=O)N[C@H]1CCCc2c1cnn2-c1ccccc1F
392,CHEMBL1732337,236.0,CC1Cc2cc(S(=O)(=O)N3CCN(c4ccc([N+](=O)[O-])cc4)CC3)ccc2N1C(=O)C1CC1
393,CHEMBL1732490,37.3,COC(=O)CC1=NN(c2nc3ccccc3s2)C(=O)/C1=C(/C)Nc1ccccc1
394,CHEMBL1732655,17700.0,CCCCn1c(SCCCc2ccccc2)nc2c1c(=O)[nH]c(=O)n2C
395,CHEMBL1732803,3800.0,COc1ccc(F)c(-c2nc(CN3CCN(c4ncnc5ccccc45)CC3)c(C)o2)c1
396,CHEMBL1732865,20000.0,CN(C)c1ccc(C(=O)Nc2nc3ccccc3n2Cc2ccc(Cl)cc2)cc1
397,CHEMBL1732890,13300.0,N#Cc1ccc(N2CCN(S(=O)(=O)c3ccc4c(c3)CCN4C(=O)C3CC3)CC2)cc1
398,CHEMBL1733271,10700.0,O=C(NC1CCCc2c1cnn2-c1ccccc1F)c1cc(-c2ccccc2)n[nH]1
399,CHEMBL1733280,4320.0,CC(=O)N1c2ccc(S(=O)(=O)N3CCN(c4ccc(C)cc4)CC3)cc2CC1C
400,CHEMBL1733730,20000.0,Nc1nc2ccccc2n1S(=O)(=O)c1ccc(OC(F)(F)F)cc1
401,CHEMBL1734357,20000.0,O=C(Nc1nc2ccccc2n1Cc1ccc(Cl)cc1)C1CCCCC1
402,CHEMBL1734509,1830.0,CN(C)c1ccc(NC(=O)c2ccc(CN3CCc4ccccc4C3)cc2)cc1
403,CHEMBL1735377,20000.0,N#Cc1cccc(NC(=O)CSc2nc3scc(-c4ccccc4)c3c(=O)[nH]2)c1
404,CHEMBL1735630,20000.0,O=C(Cc1ccccc1)Nc1nc2ccccc2n1Cc1ccc(Cl)cc1
405,CHEMBL1735926,3270.0,CC(=O)N1c2ccc(S(=O)(=O)N3CCN(c4ccc([N+](=O)[O-])cc4)CC3)cc2CC1C
406,CHEMBL1736760,20000.0,N#Cc1ccc(C(=O)Nc2nc3ccccc3n2Cc2ccc(Cl)cc2)cc1
407,CHEMBL1736791,20000.0,O=C(Nc1ccc(S(=O)(=O)O)cc1)c1ccc(CN2CCc3ccccc3C2)cc1
408,CHEMBL173768,45762.75,CCCCCCn1c(=O)c2nc(C(=O)OC)c(C(=O)OC)nc2n(C)c1=O
409,CHEMBL174253,55000.0,CCOC(=O)CCCn1c(=O)c2ccccc2n(C)c1=O
410,CHEMBL174254,75000.0,CCCCCCCn1c(=O)c2nsnc2n(C)c1=O
411,CHEMBL18701,50000.0,CCCCOc1cc(CC2CNC(=O)N2)ccc1OC
412,CHEMBL229012,20000.0,O=C(Nc1sc2c(c1C(=O)O)CCCC2)c1cccs1
413,CHEMBL23150,5750.0,O=C1/C(=C/c2ccncc2)Cc2ccccc21
414,CHEMBL2316207,38.0,O=C(NCCN1CCOCC1)c1ccc2c(c1)C(=O)c1ccc(Nc3ccc(F)c(NC(=O)c4ccccc4)c3)cc1CC2
415,CHEMBL2391027,3310.0,CCOC(=O)C1=C(C)N=c2s/c(=C\c3ccc(N4CCOCC4)cc3)c(=O)n2C1c1ccccc1
416,CHEMBL255489,15000.0,Cc1cc2occ(CN(C)CCN(C)Cc3cn(-c4cccc(C(F)(F)F)c4)c4ccccc34)c(=O)c2cc1C
417,CHEMBL263480,25000.0,CCOC(=O)CCCn1c(=O)c2nsnc2n(C)c1=O
418,CHEMBL273019,12500.0,COc1c(O)cc2c(c1O)[C@@H]1O[C@H](CO)[C@@H](O)[C@H](O)[C@H]1OC2=O
419,CHEMBL279785,1001.0,CNC(=O)[C@@H](NC(=O)[C@H](CC(C)C)[C@H](O)C(=O)NO)C(C)(C)C
420,CHEMBL285951,45762.75,Cn1c(N)c(N)c(=O)[nH]c1=O
421,CHEMBL306090,269.0,CNC(=O)[C@@H](NC(=O)[C@H](c1ccc(C)cc1)[C@H](CO)C(=O)NO)C(C)(C)C
422,CHEMBL3145165,20000.0,Cc1ccc2cccc(N=Cc3c(C)[nH]n(-c4ccccc4)c3=O)c2n1
423,CHEMBL320347,70000.0,NC(=O)CC(c1ccc(Cl)c(Cl)c1)N1C(=O)c2ccccc2C1=O
424,CHEMBL320567,260000.0,NC(=O)CC(c1ccccc1)N1C(=O)c2ccccc2C1=O
425,CHEMBL321032,89000.0,N#Cc1cccc(C(CC(N)=O)N2C(=O)c3ccccc3C2=O)c1
426,CHEMBL322553,5600.0,CCOc1ccc(C(CC(N)=O)N2C(=O)c3ccccc3C2=O)cc1OCC
427,CHEMBL322814,34000.0,COC(=O)CC(c1ccc(OC)c(OC)c1)N1C(=O)c2ccc([N+](=O)[O-])cc2C1=O
428,CHEMBL323009,51000.0,NC(=O)CC(c1ccc2ccccc2c1)N1C(=O)c2ccccc2C1=O
429,CHEMBL327083,64000.0,COC(=O)CC(c1ccc(OC)c(OC)c1)N1C(=O)c2cccc([N+](=O)[O-])c2C1=O
430,CHEMBL3314616,100000.0,O=S(=O)(Nc1ccc(O)c(Cl)c1)c1ccc(F)cc1
431,CHEMBL3326315,25300.0,O=C1Sc2c(S(=O)(=O)Nc3ccc(O)cc3)cc(S(=O)(=O)Nc3ccc(O)cc3)c3cccc1c23
432,CHEMBL3326317,45762.75,O=C(O)CCCNS(=O)(=O)c1ccc2c3c(cccc13)C(=O)N2
433,CHEMBL3326318,20300.0,Cc1cc2occ(CN(C)CCN(C)Cc3cn(-c4cccc(C(F)(F)F)c4)c4ccccc34)c(=O)c2cc1C.Cl
434,CHEMBL333333,48000.0,CCOC(=O)CCCn1cnc2cc(O)c(O)cc2c1=O
435,CHEMBL334207,100000.0,COc1cc2ccnc(Nc3ccccc3)c2cc1OC
436,CHEMBL3356478,100000.0,O=S(=O)(Nc1cc(Cl)c(O)c(Cl)c1)c1ccc2ccccc2c1
437,CHEMBL338340,25000.0,CCOC(=O)CCCn1cnc2cc(OC)c(OC)c(N=[N+]=[N-])c2c1=O
438,CHEMBL338765,5000.0,CCOC(=O)CCCn1ccc2cc(OC)c(OC)cc2c1=O
439,CHEMBL339952,25000.0,CCOC(=O)CCCn1cnc2ccc(Cl)cc2c1=O
440,CHEMBL340097,35000.0,COc1cc2ccnc(Nc3ccc(Cl)cc3)c2cc1OC
441,CHEMBL340346,2000.0,CCOC(=O)CCCn1ccc2cc(O)c(O)cc2c1=O
442,CHEMBL340827,25000.0,CCOC(=O)CCCn1cnc2cc(F)ccc2c1=O
443,CHEMBL341012,50000.0,CCOC(=O)CCCn1c(Nc2ccc(N=[N+]=[N-])cc2)nc2cc(OC)c(OC)cc2c1=O
444,CHEMBL341096,35000.0,CCOC(=O)CCCn1cc([N+](=O)[O-])c2cc(OC)c(OC)cc2c1=O
445,CHEMBL347547,204000.0,c1ccc(Cn2cnc3ccccc32)cc1
446,CHEMBL352725,15000.0,CCCCn1c(=O)n(CCCC(=O)OCC)c(=O)c2nccnc21
447,CHEMBL353233,45762.75,CC(C)Cn1c(=O)[nH]c(=O)c2nccnc21
448,CHEMBL354257,25000.0,COC(=O)/C=C\Cn1c(=O)c2nccnc2n(C)c1=O
449,CHEMBL354263,200000.0,COC(=O)c1ccc(Cn2c(=O)c3c(ncn3C)n(C)c2=O)cc1
450,CHEMBL354675,200000.0,CCOC(=O)Cn1c(=O)c2c(ncn2C)n(C)c1=O
451,CHEMBL355042,19000.0,CCOC(=O)CCCn1c(=O)c2nccnc2n(C2CCOC2)c1=O
452,CHEMBL355433,200000.0,Cn1c(=O)n(CCCC(=O)O)c(=O)c2nsnc21
453,CHEMBL3639391,10000001.0,Cn1cc(-c2ccc3c(c2)C(=O)N(C[C@@]2(C#Cc4cccnc4)NC(=O)NC2=O)C3)cn1
454,CHEMBL3639392,152.0,CCN1CCN(C(=O)C2CCC(=O)N2c2ccc(C#C[C@]3(CN4Cc5ccc(OC)c(F)c5C4=O)NC(=O)NC3=O)cc2)CC1
455,CHEMBL3639413,1368.0,COc1ccc2c(c1)C(=O)N(C[C@@]1(C#Cc3ccc(C(=O)NS(C)(=O)=O)nc3)NC(=O)NC1=O)C2
456,CHEMBL3640296,1086.0,COc1ccc2c(c1)C(=O)N(C[C@@]1(C#Cc3ccc(C(N)C(F)(F)F)cc3)NC(=O)NC1=O)C2
457,CHEMBL3640297,226.45,COc1ccc2c(c1F)C(=O)N(C[C@@]1(C#Cc3ccc4c(=O)[nH][nH]c4c3)NC(=O)NC1=O)C2
458,CHEMBL3640298,0.05,COc1ccc2c(c1)C(=O)N(C[C@@]1(C#Cc3cc(F)c4c(=O)[nH][nH]c4c3)NC(=O)NC1=O)C2
459,CHEMBL3640299,0.03,COc1ccc2c(c1F)C(=O)N(C[C@@]1(C#Cc3cc(F)c4c(=O)[nH][nH]c4c3)NC(=O)NC1=O)C2
460,CHEMBL3640300,507.15,COc1ccc2c(c1)C(=O)N(C[C@@]1(C#Cc3ccc4c(c3)CN(C)C(=O)N4)NC(=O)NC1=O)C2
461,CHEMBL3640301,0.31,COc1ccc2c(c1F)C(=O)N(C[C@@]1(C#Cc3ccc4c(c3)CN(C)C(=O)N4)NC(=O)NC1=O)C2
462,CHEMBL3640302,100001.0,O=C1NC(=O)[C@](C#Cc2cccnc2)(CN2Cc3ccc(I)cc3C2=O)N1
463,CHEMBL3640303,501.0,Cn1cc(-c2ccc3c(c2)C(=O)N(C[C@]2(C#Cc4cccnc4)NC(=O)NC2=O)C3)cn1
464,CHEMBL3640304,0.39,CSc1ccc2c(c1)C(=O)N(C[C@@]1(C#Cc3cccnc3)NC(=O)NC1=O)C2
465,CHEMBL3640305,244.5,COc1ccc2c(c1)C(=O)N(C[C@@]1(C#Cc3ccc(C(O)C4CCN(C)CC4)cc3)NC(=O)NC1=O)C2
466,CHEMBL3640306,101.0,COc1ccc2c(c1)C(=O)N(C[C@@]1(C#Cc3ccc4c(c3)c(N)nn4CCN(C)C)NC(=O)NC1=O)C2
467,CHEMBL3640307,2903.5,COc1ccc2c(c1)C(=O)N(C[C@@]1(C#Cc3ccc4c(c3)c(N)nn4C)NC(=O)NC1=O)C2
468,CHEMBL3640308,223.0,COc1ccc2c(c1)C(=O)N(C[C@@]1(C#Cc3ccc(-c4cc(N)n(C)n4)cc3)NC(=O)NC1=O)C2
469,CHEMBL3640309,128.0,COc1ccc2c(c1)C(=O)N(C[C@@]1(C#Cc3ccc(-c4cc(N)[nH]n4)cc3)NC(=O)NC1=O)C2
470,CHEMBL3640310,0.25,COc1ccc2c(c1)C(=O)N(C[C@@]1(C#Cc3ccc4c(c3)c(=O)[nH]n4C)NC(=O)NC1=O)C2
471,CHEMBL3640311,0.26,COc1ccc2c(c1)C(=O)N(C[C@@]1(C#Cc3ccc4c(=O)[nH]n(C)c4c3)NC(=O)NC1=O)C2
472,CHEMBL3640312,0.24,COc1ccc2c(c1)C(=O)N(C[C@@]1(C#Cc3ccc4c(=O)[nH][nH]c4c3)NC(=O)NC1=O)C2
473,CHEMBL3640313,1114.5,COc1ccc2c(c1)C(=O)N(C[C@@]1(C#Cc3ccc4c(N)nn(C)c4c3)NC(=O)NC1=O)C2
474,CHEMBL3640314,2948.0,COc1ccc2c(c1)C(=O)N(C[C@@]1(C#Cc3ccc4c(C)n[nH]c4c3)NC(=O)NC1=O)C2
475,CHEMBL3640315,163.0,COc1ccc2c(c1)C(=O)N(C[C@@]1(C#Cc3ccc4c(CN(C)C)n[nH]c4c3)NC(=O)NC1=O)C2
476,CHEMBL3640316,0.44,COc1ccc2c(c1)C(=O)N(C[C@@]1(C#Cc3ccc4c(-c5ccncc5)n[nH]c4c3)NC(=O)NC1=O)C2
477,CHEMBL3640317,0.35,COc1ccc2c(c1)C(=O)N(C[C@@]1(C#Cc3ccc(C4CCN(C)CC4)nc3)NC(=O)NC1=O)C2
478,CHEMBL3640318,0.79,COc1ccc2c(c1)C(=O)N(C[C@@]1(C#Cc3ccc(C4(O)CCNCC4)cc3)NC(=O)NC1=O)C2
479,CHEMBL3640319,137.0,COc1ccc2c(c1F)C(=O)N(C[C@@]1(C#Cc3ccc(C4(O)CCNCC4)cc3)NC(=O)NC1=O)C2
480,CHEMBL3640320,303.0,COc1ccc2c(c1F)C(=O)N(C[C@@]1(C#Cc3ccc(C(CN)N4CCC(NC(=O)OC(C)(C)C)C4)cc3)NC(=O)NC1=O)C2
481,CHEMBL3640321,316.0,COc1ccc2c(c1)C(=O)N(C[C@@]1(C#Cc3ccc(C(CN)N4CCC(NC(=O)OC(C)(C)C)C4)cc3)NC(=O)NC1=O)C2
482,CHEMBL3640322,109.0,COc1ccc2c(c1F)C(=O)N(C[C@@]1(C#Cc3ccc(C(CN)N4CCC(N)C4)cc3)NC(=O)NC1=O)C2
483,CHEMBL3640323,0.56,COc1ccc2c(c1)C(=O)N(C[C@@]1(C#Cc3ccc(C(CN)N4CCC(N)C4)cc3)NC(=O)NC1=O)C2
484,CHEMBL3640324,0.38,COc1ccc2c(c1F)C(=O)N(C[C@@]1(C#Cc3ccc(N4CCNCC4)cc3)NC(=O)NC1=O)C2
485,CHEMBL3640325,0.32,COc1ccc2c(c1)C(=O)N(C[C@@]1(C#Cc3cncc(-c4ccc(O)c(-c5cn[nH]c5)n4)c3)NC(=O)NC1=O)C2
486,CHEMBL3640326,446.0,CCN1CCN(C(=O)c2ccc(C#C[C@]3(CN4Cc5ccc(OC)cc5C4=O)NC(=O)NC3=O)cc2)CC1
487,CHEMBL3640327,1158.0,COc1ccc2c(c1)C(=O)N(C[C@@]1(C#Cc3ccc(C(=O)N4CCN(C5CC5)CC4)cc3)NC(=O)NC1=O)C2
488,CHEMBL3640328,578.0,COc1ccc2c(c1)C(=O)N(C[C@@]1(C#Cc3ccc(C(=O)N4CCN(C5CCCCC5)CC4)cc3)NC(=O)NC1=O)C2
489,CHEMBL3640329,400.6,COc1ccc2c(c1)C(=O)N(C[C@@]1(C#Cc3ccc(C(=O)N4CCC(N5CCCCC5)CC4)cc3)NC(=O)NC1=O)C2
490,CHEMBL3640330,0.29,CCN1CCN(C(=O)c2ccc(C#C[C@]3(CN4Cc5ccc(OC)c(F)c5C4=O)NC(=O)NC3=O)cc2)CC1
491,CHEMBL3640331,698.1,COc1ccc2c(c1F)C(=O)N(C[C@@]1(C#Cc3ccc(CN4CCOCC4)nc3)NC(=O)NC1=O)C2
492,CHEMBL3640332,587.5,COc1ccc2c(c1F)C(=O)N(C[C@@]1(C#Cc3ccc(CN4CCSCC4)nc3)NC(=O)NC1=O)C2
493,CHEMBL3640333,785.1,COc1ccc2c(c1F)C(=O)N(C[C@@]1(C#Cc3ccc(CN4CCCCC4)nc3)NC(=O)NC1=O)C2
494,CHEMBL3640334,4980.0,COc1ccc2c(c1F)C(=O)N(C[C@@]1(C#Cc3ccc(CN4CCc5ccc(F)cc5C4)nc3)NC(=O)NC1=O)C2
495,CHEMBL3640335,652.1,COc1ccc2c(c1)C(=O)N(C[C@@]1(C#Cc3ccc(-c4ccccc4O)cc3)NC(=O)NC1=O)C2
496,CHEMBL3640336,0.06,COc1ccc2c(c1)C(=O)N(C[C@@]1(C#Cc3ccc(-c4nc(-c5ccncc5)ccc4O)cc3)NC(=O)NC1=O)C2
497,CHEMBL3640337,80.25,COc1ccc2c(c1)C(=O)N(C[C@@]1(C#Cc3ccc(-c4nc(-c5cccnc5)ccc4O)cc3)NC(=O)NC1=O)C2
498,CHEMBL3640338,573.3,CCN1CCN(c2ccc(OC)c(-c3ccc(C#C[C@]4(CN5Cc6ccc(OC)cc6C5=O)NC(=O)NC4=O)cc3)n2)CC1
499,CHEMBL3640339,0.05,COc1ccc2c(c1)C(=O)N(C[C@@]1(C#Cc3ccc(-c4nc(-c5cnn(C)c5)ccc4O)cc3)NC(=O)NC1=O)C2
500,CHEMBL3640340,0.26,CCN1CCN(Cc2ccc(C#C[C@]3(CN4Cc5ccc(OC)c(F)c5C4=O)NC(=O)NC3=O)cc2)CC1
501,CHEMBL3640341,61.65,COc1ccc2c(c1)C(=O)N(C[C@@]1(C#Cc3ccc(-c4nc(-c5cccnc5)ccc4OC(C)=O)cc3)NC(=O)NC1=O)C2
502,CHEMBL3640342,0.55,CCN1CCN(Cc2ccc(C#C[C@]3(CN4Cc5ccc(OC)cc5C4=O)NC(=O)NC3=O)cn2)CC1
503,CHEMBL3640343,156.0,CCN1CCN(Cc2ccc(C#C[C@]3(CN4Cc5ccc(OC)c(F)c5C4=O)NC(=O)NC3=O)cn2)CC1
504,CHEMBL3640344,228.0,COc1ccc2c(c1F)C(=O)N(C[C@@]1(C#Cc3ccc(CN4CCN(c5ccncc5)CC4)nc3)NC(=O)NC1=O)C2
505,CHEMBL3640345,3127.0,COc1ccc2c(c1)C(=O)N(C[C@@]1(C#Cc3ccc(CN4CCN(c5nccs5)CC4)cc3)NC(=O)NC1=O)C2
506,CHEMBL3640346,0.39,COc1ccc2c(c1F)C(=O)N(C[C@@]1(C#Cc3ccc(CN4CCN(c5ccncc5)CC4)cc3)NC(=O)NC1=O)C2
507,CHEMBL3640347,255.4,COc1ccc2c(c1F)C(=O)N(C[C@@]1(C#Cc3ccc(CN4CCN(C5CCCCC5)CC4)cc3)NC(=O)NC1=O)C2
508,CHEMBL3640348,249.8,CCN1CCN(Cc2ccc(C#C[C@]3(CN4Cc5ccc(OC)c(F)c5C4=O)NC(=O)NC3=O)cc2F)CC1
509,CHEMBL3640349,695.1,CCN1CCN(C(C)c2ccc(C#C[C@]3(CN4Cc5ccc(OC)c(F)c5C4=O)NC(=O)NC3=O)cc2)CC1
510,CHEMBL3640350,100001.0,COc1ccc2c(c1F)C(=O)N(C[C@]1(C#Cc3ccc(CN4CCN(C5CCCCC5)CC4)cc3)NC(=O)NC1=O)C2
511,CHEMBL3640351,0.1,COc1ccc2c(c1F)C(=O)N(C[C@@]1(C#Cc3ccc(-c4nc(-c5cnn(C)c5)ccc4O)cc3)NC(=O)NC1=O)C2
512,CHEMBL3640352,75.4,COc1ccc2c(c1F)C(=O)N(C[C@@]1(C#Cc3ccc(-c4nc(-c5cnn(C)c5)ccc4O)c(F)c3)NC(=O)NC1=O)C2
513,CHEMBL3640353,0.12,CCC(=O)Oc1ccc(-c2cnn(C)c2)nc1-c1ccc(C#C[C@]2(CN3Cc4ccc(OC)cc4C3=O)NC(=O)NC2=O)cc1
514,CHEMBL3640354,0.67,COc1ccc2c(c1)C(=O)N(C[C@@]1(C#Cc3ccc(-c4nc(-c5cnn(C)c5)ccc4OC(=O)C(C)C)cc3)NC(=O)NC1=O)C2
515,CHEMBL3640355,42.75,COc1ccc2c(c1)C(=O)N(C[C@@]1(C#Cc3ccc(-c4nc(-c5cnn(C)c5)ccc4OC(=O)C(C)(C)C)cc3)NC(=O)NC1=O)C2
516,CHEMBL3640356,605.65,CCN1CCN(c2cccc(-c3ccc(C#C[C@]4(CN5Cc6ccc(OC)c(F)c6C5=O)NC(=O)NC4=O)cc3)n2)CC1
517,CHEMBL3640357,0.35,CCN1CCN(c2cccc(-c3ccc(C#C[C@]4(CN5Cc6ccc(OC)c(F)c6C5=O)NC(=O)NC4=O)cc3F)n2)CC1
518,CHEMBL3640358,0.84,COc1ccc2c(c1F)C(=O)N(C[C@@]1(C#Cc3ccc(-c4cccc(N5CCN(C6CCCCC6)CC5)n4)cc3)NC(=O)NC1=O)C2
519,CHEMBL3640359,2431.0,COc1ccc2c(c1F)C(=O)N(C[C@@]1(C#Cc3ccc(-c4cccc(N5CCN(C6CCCCC6)CC5)n4)c(F)c3)NC(=O)NC1=O)C2
520,CHEMBL3640360,0.51,COc1ccc2c(c1F)C(=O)N(C[C@@]1(C#Cc3ccc(-c4cccc(N5CCOCC5)n4)cc3)NC(=O)NC1=O)C2
521,CHEMBL3640361,0.43,COc1ccc2c(c1F)C(=O)N(C[C@@]1(C#Cc3ccc(-c4cccc(N5CCOCC5)n4)c(F)c3)NC(=O)NC1=O)C2
522,CHEMBL3640362,4316.0,COc1ccc2c(c1)C(=O)N(C[C@@]1(C#Cc3cccc(N4CCSCC4)n3)NC(=O)NC1=O)C2
523,CHEMBL3640363,1000001.0,COc1ccc2c(c1)C(=O)N(C[C@@]1(C#Cc3ccc(-c4cccc(N5CCSCC5)n4)cc3)NC(=O)NC1=O)C2
524,CHEMBL3640364,4154.0,COc1ccc2c(c1F)C(=O)N(C[C@@]1(C#Cc3ccc(-c4cccc(N5CCSCC5)n4)cc3)NC(=O)NC1=O)C2
525,CHEMBL3640366,0.08,COc1ccc2c(c1F)C(=O)N(C[C@@]1(C#Cc3ccc(-c4nc(-c5cccnc5)ccc4O)cc3)NC(=O)NC1=O)C2
526,CHEMBL3640367,0.08,COc1ccc2c(c1F)C(=O)N(C[C@@]1(C#Cc3ccc(-c4nc(-c5cccnc5)ccc4O)c(F)c3)NC(=O)NC1=O)C2
527,CHEMBL3640368,123.85,COc1ccc2c(c1F)C(=O)N(C[C@@]1(C#Cc3ccc(-c4nc(N5CCC(=O)CC5)ccc4O)cc3)NC(=O)NC1=O)C2
528,CHEMBL3640370,0.08,COc1ccc2c(c1)C(=O)N(C[C@@]1(C#Cc3ccc(-c4ncccc4OC(=O)C(C)(C)C)cc3)NC(=O)NC1=O)C2
529,CHEMBL3640371,96.0,COc1ccc2c(c1F)C(=O)N(C[C@@]1(C#Cc3ccc(-c4ncccc4O)cc3)NC(=O)NC1=O)C2
530,CHEMBL3640372,0.52,COc1ccc2c(c1)C(=O)N(C[C@@]1(C#Cc3ccc(-c4cnccc4C)nc3)NC(=O)NC1=O)C2
531,CHEMBL3640373,5377.0,COc1ccc2c(c1)C(=O)N(C[C@@]1(C#Cc3ccc(-c4cnccc4OC)nc3)NC(=O)NC1=O)C2
532,CHEMBL3640374,0.34,COc1ccc2c(c1)C(=O)N(C[C@@]1(C#Cc3ccc(C4(CNS(C)(=O)=O)NC(=O)NC4=O)cc3)NC(=O)NC1=O)C2
533,CHEMBL3640375,0.52,COc1ccc2c(c1)C(=O)N(C[C@@]1(C#Cc3ccc(-n4cnc(CCNC(C)=O)c4)cc3)NC(=O)NC1=O)C2
534,CHEMBL3640376,0.6,COc1ccc2c(c1)C(=O)N(C[C@@]1(C#Cc3ccc(-n4cnc(CCNC(C)=O)c4)nc3)NC(=O)NC1=O)C2
535,CHEMBL3640377,504.0,COc1ccc2c(c1)C(=O)N(C[C@@]1(C#Cc3ccc(C4=NCCN4)c(C)c3)NC(=O)NC1=O)C2
536,CHEMBL3640378,1618.0,COc1ccc2c(c1)C(=O)N(C[C@@]1(C#Cc3ccc(N4CCNC4=O)cc3)NC(=O)NC1=O)C2
537,CHEMBL3640379,0.44,COc1ccc2c(c1)C(=O)N(C[C@@]1(C#Cc3ccc(-n4ccnc4)cc3)NC(=O)NC1=O)C2
538,CHEMBL3640380,0.51,COc1ccc2c(c1)C(=O)N(C[C@@]1(C#Cc3ccc(-n4cncn4)cc3)NC(=O)NC1=O)C2
539,CHEMBL3640382,0.27,COc1ccc2c(c1)C(=O)N(C[C@@]1(C#Cc3ccc(-c4ccc(C)[nH]c4=O)nc3)NC(=O)NC1=O)C2
540,CHEMBL3640383,0.28,COc1ccc2c(c1F)C(=O)N(C[C@@]1(C#Cc3ccc(C4(C)NC(=O)NC4=O)c(F)c3)NC(=O)NC1=O)C2
541,CHEMBL3640384,488.0,COc1ccc2c(c1)C(=O)N(C[C@@]1(C#Cc3ccc(-c4c(N)n[nH]c4C)cc3)NC(=O)NC1=O)C2
542,CHEMBL3640385,367.0,COc1ccc2c(c1F)C(=O)N(C[C@@]1(C#Cc3ccc4c(c3)C3(CC4)NC(=O)NC3=O)NC(=O)NC1=O)C2
543,CHEMBL3640386,169.0,COc1ccc2c(c1)C(=O)N(C[C@@]1(C#Cc3ccc(Nc4c(NCCN5CCOCC5)c(=O)c4=O)cc3)NC(=O)NC1=O)C2
544,CHEMBL3640387,0.22,COc1ccc2c(c1)C(=O)N(C[C@@]1(C#Cc3ccc(Nc4c(NCCN(C)C)c(=O)c4=O)cc3)NC(=O)NC1=O)C2
545,CHEMBL3640388,306.0,COc1ccc2c(c1)C(=O)N(C[C@@]1(C#Cc3ccc(Nc4c(N)c(=O)c4=O)cc3)NC(=O)NC1=O)C2
546,CHEMBL3640389,0.19,COc1ccc2c(c1F)C(=O)N(C[C@@]1(C#Cc3ccc(C(N=O)N4CCNC[C@@H]4C)c(F)c3)NC(=O)NC1=O)C2
547,CHEMBL3640390,305.0,COc1ccc2c(c1F)C(=O)N(C[C@@]1(C#Cc3cncc(F)c3)NC(=O)NC1=O)C2
548,CHEMBL3640391,0.18,CCN1CCN(C(N=O)c2ccc(C#C[C@]3(CN4Cc5ccc(OC)c(F)c5C4=O)NC(=O)NC3=O)cc2F)[C@@H](C)C1
549,CHEMBL3640392,0.2,COc1ccc2c(c1F)C(=O)N(C[C@@]1(C#Cc3cc(F)cnc3Cl)NC(=O)NC1=O)C2
550,CHEMBL3640393,669.0,COc1ccc2c(c1F)C(=O)N(C[C@@]1(C#Cc3ccc(C4(C#N)CCN(C)CC4)cc3)NC(=O)NC1=O)C2
551,CHEMBL3640394,152.0,COc1ccc2c(c1F)C(=O)N(C[C@@]1(C#Cc3ccc(C4(C(N)=O)CCN(C)CC4)cc3)NC(=O)NC1=O)C2
552,CHEMBL3640397,0.34,COc1ccc2c(c1F)C(=O)N(C[C@@]1(C#Cc3ccc(N4C(=O)NC5(CC5)C4=O)c(F)c3)NC(=O)NC1=O)C2
553,CHEMBL3640398,1000.0,COc1ccc2c(c1)C(=O)N(CC1(C#Cc3cccc4c3CCC43NC(=O)NC3=O)NC(=O)NC1=O)C2
554,CHEMBL3640400,2189.0,COc1ccc2c(c1)C(=O)N(C[C@@]1(C#Cc3nc(-c4n[nH]c(=O)n4C4CCN(C)CC4)ccc3OC)NC(=O)NC1=O)C2
555,CHEMBL3640401,0.13,CCN1CCN(C(=O)C2CCC(=O)N2c2ccc(C#C[C@]3(CN4Cc5ccc(OC)cc5C4=O)NC(=O)NC3=O)cc2)CC1
556,CHEMBL3640402,0.12,COc1ccc2c(c1)C(=O)N(C[C@@]1(C#Cc3ccc(N4C(=O)CCC4C(=O)NC4CC4)cc3)NC(=O)NC1=O)C2
557,CHEMBL3640403,0.38,COc1ccc2c(c1F)C(=O)N(C[C@@]1(C#Cc3ccc(N4C(=O)CCC4C(=O)NC4CC4)cc3)NC(=O)NC1=O)C2
558,CHEMBL3640404,416.0,COc1ccc2c(c1)C(=O)N(C[C@@]1(C#Cc3ccc(N4C(=O)CCC4C(=O)N4CCN(C)CC4)cc3)NC(=O)NC1=O)C2
559,CHEMBL3640405,578.0,COc1ccc2c(c1)C(=O)N(C[C@@]1(C#Cc3ccc(N4C(=O)CCC4(C(=O)O)C(C)(C)O)nc3)NC(=O)NC1=O)C2
560,CHEMBL3640406,86.0,COc1ccc2c(c1F)C(=O)N(C[C@@]1(C#Cc3cncc(NC(=O)C4CCN(C)CC4)c3)NC(=O)NC1=O)C2
561,CHEMBL3640407,299.0,COc1ccc2c(c1)C(=O)N(C[C@@]1(C#Cc3cncc(NC(=O)C4CCN(C)CC4)c3)NC(=O)NC1=O)C2
562,CHEMBL3640408,78.0,COc1ccc2c(c1)C(=O)N(C[C@@]1(C#Cc3ccc(NC(=O)C4CCN(C)CC4)cc3)NC(=O)NC1=O)C2
563,CHEMBL3640412,0.77,CCNc1nnc(-c2ccc(OC)c(C#C[C@]3(CN4Cc5ccc(OC)cc5C4=O)NC(=O)NC3=O)n2)o1
564,CHEMBL3640413,0.6,COc1ccc2c(c1)C(=O)N(C[C@@]1(C#Cc3ccc(-n4cn[nH]c4=O)cc3)NC(=O)NC1=O)C2
565,CHEMBL3640414,243.0,COc1ccc2c(c1)C(=O)N(C[C@@]1(C#Cc3ccc(-n4c(C)n[nH]c4=O)cc3)NC(=O)NC1=O)C2
566,CHEMBL3640415,0.43,COc1ccc2c(c1)C(=O)N(C[C@@]1(C#Cc3ccc(-n4c(-c5cccnc5)n[nH]c4=O)cc3)NC(=O)NC1=O)C2
567,CHEMBL3640416,3363.0,CCN1CCN(C(=O)C2CCC(=O)N2c2ccc(OC)c(C#C[C@]3(CN4Cc5ccc(OC)cc5C4=O)NC(=O)NC3=O)n2)CC1
568,CHEMBL3640417,0.11,COc1ccc2c(c1)C(=O)N(C[C@@]1(C#Cc3ccccc3C=O)NC(=O)NC1=O)C2
569,CHEMBL3640418,244.0,COc1ccc2c(c1)C(=O)N(C[C@@]1(C#Cc3ccc(-c4nnc(N)o4)cc3)NC(=O)NC1=O)C2
570,CHEMBL3640419,269.0,CCNc1nnc(-c2ccc(C#C[C@]3(CN4Cc5ccc(OC)cc5C4=O)NC(=O)NC3=O)cc2)o1
571,CHEMBL3640420,808.0,COc1ccc2c(c1)C(=O)N(C[C@@]1(C#Cc3nc(N)ccc3O)NC(=O)NC1=O)C2
572,CHEMBL3640421,0.73,COc1ccc2c(c1)C(=O)N(C[C@@]1(C#Cc3nc(-c4cccc(O)c4)ccc3OC)NC(=O)NC1=O)C2
573,CHEMBL3640422,0.27,CCN1CCN(/C(=N/O)c2cnc(C#C[C@]3(CN4Cc5ccc(OC)cc5C4=O)NC(=O)NC3=O)c(OC)c2)CC1
574,CHEMBL3640423,515.0,COc1ccc2c(c1)C(=O)N(C[C@@]1(C#Cc3ncc(C(N=O)N4CCN(c5cnccn5)CC4)cc3OC)NC(=O)NC1=O)C2
575,CHEMBL3640424,0.69,COc1ccc2c(c1)C(=O)N(C[C@@]1(C#Cc3nc(N4C[C@@H](O)CC4=O)ccc3OC)NC(=O)NC1=O)C2
576,CHEMBL3640425,1000001.0,COc1ccc2c(c1)C(=O)N(C[C@@]1(C#Cc3nc(-c4cccc(C#N)c4)ccc3OC)NC(=O)NC1=O)C2
577,CHEMBL3640426,0.97,COc1ccc2c(c1)C(=O)N(C[C@@]1(C#Cc3nc(N4C(=O)CC[C@H]4CO)ccc3OC)NC(=O)NC1=O)C2
578,CHEMBL3640427,1132.0,COc1ccc2c(c1)C(=O)N(C[C@@]1(C#Cc3nc(N4C[C@H](O)CC4=O)ccc3OC)NC(=O)NC1=O)C2
579,CHEMBL3640429,5710.4,COCCN1CCN(c2ccc(OC)c(C#C[C@]3(CN4Cc5ccc(OC)cc5C4=O)NC(=O)NC3=O)n2)CC1
580,CHEMBL3640430,1171.0,COc1ccc(N2CCC2=O)nc1C#C[C@]1(CN2Cc3ccc(OC)c(F)c3C2=O)NC(=O)NC1=O
581,CHEMBL3640431,0.19,COc1ccc2c(c1)C(=O)N(C[C@@]1(C#Cc3ccc(N4CCCCC4)nc3)NC(=O)NC1=O)C2
582,CHEMBL3640432,10001.0,COc1ccc2c(c1)C(=O)N(C[C@@]1(C#Cc3nc(-c4cnc(N(C)C)nc4)ccc3OC)NC(=O)NC1=O)C2
583,CHEMBL3640433,0.62,COc1ccc2c(c1)C(=O)N(C[C@@]1(C#Cc3nc(-c4ccc(N5CCNCC5)nc4)ccc3OC)NC(=O)NC1=O)C2
584,CHEMBL3640434,0.9,COc1ccc2c(c1)C(=O)N(C[C@@]1(C#Cc3nc(-c4ccc(S(=O)(=O)NC5CC5)cc4)ccc3OC)NC(=O)NC1=O)C2
585,CHEMBL3642426,1790.0,COc1ccc2c(c1)C(=O)N(C[C@@]1(C#Cc3nc(-c4cncc(C#N)c4)ccc3OC)NC(=O)NC1=O)C2
586,CHEMBL3642427,10000001.0,COc1ccc2c(c1)C(=O)N(C[C@@]1(C#Cc3nc(-c4ccc(C#N)nc4)ccc3OC)NC(=O)NC1=O)C2
587,CHEMBL3642430,0.58,COc1ccc2c(c1)C(=O)N(C[C@@]1(C#Cc3ccc(C(c4ccc[nH]4)c4ccc[nH]4)cc3)NC(=O)NC1=O)C2
588,CHEMBL3642431,0.55,COc1ccc2c(c1)C(=O)N(C[C@@]1(C#Cc3ccc(CCN)cc3)NC(=O)NC1=O)C2
589,CHEMBL3642432,0.98,COc1ccc2c(c1)C(=O)N(C[C@@]1(C#Cc3ncc(NCc4nccc(=O)[nH]4)cc3OC)NC(=O)NC1=O)C2
590,CHEMBL3642433,7271.0,COc1ccc2c(c1)C(=O)N(C[C@@]1(C#Cc3nc(N4CCN(c5ccncc5)CC4)ccc3OC)NC(=O)NC1=O)C2
591,CHEMBL3642434,513.5,COc1ccc2c(c1)C(=O)N(C[C@@]1(C#Cc3cncc(-c4ccc(N)nc4)c3)NC(=O)NC1=O)C2
592,CHEMBL3642435,260.0,COc1ccc2c(c1)C(=O)N(C[C@@]1(C#Cc3cncc(-c4cn[nH]c4)c3)NC(=O)NC1=O)C2
593,CHEMBL3642436,361.0,COc1ccc2c(c1)C(=O)N(C[C@@]1(C#Cc3cncc(-c4ccc(C(N)=O)cc4)c3)NC(=O)NC1=O)C2
594,CHEMBL3642437,0.22,COc1ccc2c(c1)C(=O)N(C[C@@]1(C#Cc3cnc(N)nc3N)NC(=O)NC1=O)C2
595,CHEMBL3642438,0.43,COc1ccc2c(c1)C(=O)N(C[C@@]1(C#Cc3cnc(N4CCC(=O)CC4)nc3N)NC(=O)NC1=O)C2
596,CHEMBL3642439,0.5,COc1ccc2c(c1)C(=O)N(C[C@@]1(C#Cc3ccc(N4CCC(=O)CC4)nc3)NC(=O)NC1=O)C2
597,CHEMBL3642440,0.37,COc1ccc2c(c1)C(=O)N(C[C@@]1(C#Cc3cncc(-c4ccc(C(N)=O)o4)c3)NC(=O)NC1=O)C2
598,CHEMBL3642441,186.0,COc1ccc2c(c1F)C(=O)N(C[C@@]1(C#Cc3ccc4c(c3)CCC43NC(=O)NC3=O)NC(=O)NC1=O)C2
599,CHEMBL3642442,0.16,COc1ccc2c(c1)C(=O)N(C[C@@]1(C#Cc3ccc(C4(CN)NC(=O)NC4=O)cc3)NC(=O)NC1=O)C2
600,CHEMBL3642443,419.0,COc1ccc2c(c1)C(=O)N(C[C@@]1(C#Cc3ccc(C4(CN5Cc6cc(O)ccc6C5=O)NC(=O)NC4=O)cc3)NC(=O)NC1=O)C2
601,CHEMBL3642444,0.19,COc1ccc2c(c1)C(=O)N(C[C@@]1(C#Cc3ccc([C@@]4(CN5Cc6ccc(OC)cc6C5=O)NC(=O)NC4=O)cc3)NC(=O)NC1=O)C2
602,CHEMBL3642445,122.0,COc1ccc2c(c1)C(=O)N(C[C@@]1(C#Cc3ccc([C@@]4(CN)NC(=O)NC4=O)cc3)NC(=O)NC1=O)C2
603,CHEMBL3642446,0.21,COc1ccc2c(c1)C(=O)N(C[C@@]1(C#Cc3cnc4ccccc4c3CO)NC(=O)NC1=O)C2
604,CHEMBL3642447,0.15,COc1ccc2c(c1)C(=O)N(C[C@@]1(C#Cc3cc(C(N)=O)ccc3C)NC(=O)NC1=O)C2
605,CHEMBL3642448,0.25,COc1ccc2c(c1)C(=O)N(C[C@@]1(C#Cc3ccc(CCNC(=O)C(F)(F)F)s3)NC(=O)NC1=O)C2
606,CHEMBL3642449,227.0,COc1ccc2c(c1)C(=O)N(C[C@@]1(C#Cc3ccc(C4=NCCN4)cc3)NC(=O)NC1=O)C2
607,CHEMBL3642450,0.2,COc1ccc2c(c1)C(=O)N(C[C@@]1(C#Cc3ccc(-c4nnc[nH]4)cc3OC)NC(=O)NC1=O)C2
608,CHEMBL3642451,146.0,COc1ccc2c(c1)C(=O)N(C[C@@]1(C#Cc3ccc(C(=O)NO)cc3OC)NC(=O)NC1=O)C2
609,CHEMBL3642452,786.0,COc1ccc2c(c1)C(=O)N(C[C@@]1(C#Cc3ccc(-n4ccnc4)cc3OC)NC(=O)NC1=O)C2
610,CHEMBL3642453,0.43,COc1ccc2c(c1)C(=O)N(C[C@@]1(C#Cc3cc(Br)ccc3O)NC(=O)NC1=O)C2
611,CHEMBL3642455,0.52,COc1ccc2c(c1)C(=O)N(C[C@@]1(C#Cc3cnc(C)[nH]c3=O)NC(=O)NC1=O)C2
612,CHEMBL3642456,699.0,COc1ccc2c(c1)C(=O)N(C[C@@]1(C#Cc3c(C)ncc(C(=O)O)c3O)NC(=O)NC1=O)C2
613,CHEMBL3642457,811.0,COc1ccc2c(c1)C(=O)N(C[C@@]1(C#Cc3cncc(-c4csc(N)n4)c3)NC(=O)NC1=O)C2
614,CHEMBL3642458,0.45,COc1ccc2c(c1)C(=O)N(C[C@@]1(C#Cc3ccc(-c4cc[nH]n4)nc3)NC(=O)NC1=O)C2
615,CHEMBL3642459,0.06,COc1ccc2c(c1)C(=O)N(C[C@@]1(C#Cc3cncc(-c4cc[nH]n4)c3)NC(=O)NC1=O)C2
616,CHEMBL3642460,309.6,COc1ccc2c(c1)C(=O)N(C[C@@]1(C#Cc3ccc4c(N)n[nH]c4c3)NC(=O)NC1=O)C2
617,CHEMBL3642461,0.25,COc1ccc2c(c1)C(=O)N(C[C@@]1(C#Cc3ccc4[nH]nc(N)c4c3)NC(=O)NC1=O)C2
618,CHEMBL3642462,0.75,CCN1CCN(c2n[nH]c3ccc(C#C[C@]4(CN5Cc6ccc(OC)cc6C5=O)NC(=O)NC4=O)cc23)CC1
619,CHEMBL3642463,0.17,CCN1CCN(c2n[nH]c3cc(C#C[C@]4(CN5Cc6ccc(OC)cc6C5=O)NC(=O)NC4=O)ccc23)CC1
620,CHEMBL3642464,386.0,COc1ccc2c(c1)C(=O)N(C[C@@]1(C#Cc3cncc(NS(C)(=O)=O)c3)NC(=O)NC1=O)C2
621,CHEMBL3642465,1001.0,COc1ccc2c(c1)C(=O)N(C[C@@]1(C#Cc3cncc(NS(=O)(=O)C(C)C)c3)NC(=O)NC1=O)C2
622,CHEMBL3642467,0.25,CCOC(=O)Nc1cncc(C#C[C@]2(CN3Cc4ccc(OC)cc4C3=O)NC(=O)NC2=O)c1
623,CHEMBL3642468,0.56,COc1ccc2c(c1)C(=O)N(C[C@@]1(C#Cc3c[nH]c4nc(=O)oc-4c3)NC(=O)NC1=O)C2
624,CHEMBL3642469,954.0,COc1ccc2c(c1)C(=O)N(C[C@@]1(C#Cc3ccc(C(N=O)c4ccc(F)cc4)cc3)NC(=O)NC1=O)C2
625,CHEMBL3642470,40.0,COc1ccc2c(c1)C(=O)N(C[C@@]1(C#Cc3ccc(C(N=O)C4CCN(C)CC4)cc3)NC(=O)NC1=O)C2
626,CHEMBL3642471,1001.0,COc1ccc2c(c1Cl)C(=O)N(CC1(C#Cc3cccnc3)NC(=O)NC1=O)C2
627,CHEMBL3642472,10001.0,COc1ccc2c(c1)C(=O)N(C[C@@]1(C#Cc3cc(Cl)cnc3N)NC(=O)NC1=O)C2
628,CHEMBL3642473,0.47,COc1ccc2c(c1)C(=O)N(C[C@@]1(C#Cc3ccnc(SC)n3)NC(=O)NC1=O)C2
629,CHEMBL3642474,0.32,COc1ccc2c(c1)C(=O)N(C[C@]1(C#Cc3ccnc(SC)n3)NC(=O)NC1=O)C2
630,CHEMBL3642475,0.37,COc1ccc2c(c1)C(=O)N(C[C@@]1(C#Cc3ccc(F)c(C(O)(O)C(F)(F)F)c3)NC(=O)NC1=O)C2
631,CHEMBL3642476,257.8,COc1ccc2c(c1)C(=O)N(C[C@@]1(C#Cc3ccc(C(O)(O)C(F)(F)F)cc3)NC(=O)NC1=O)C2
632,CHEMBL3642477,2430.0,COc1ccc2c(c1)C(=O)N(C[C@@]1(C#Cc3ccc(-c4noc(C)n4)cc3)NC(=O)NC1=O)C2
633,CHEMBL3642478,712.9,COc1ccc2c(c1)C(=O)N(C[C@@]1(C#Cc3cncc(-c4noc(C(N)=O)n4)c3)NC(=O)NC1=O)C2
634,CHEMBL3642479,0.53,COc1ccc2c(c1)C(=O)N(C[C@@]1(C#Cc3cncc(C(=O)NN)c3)NC(=O)NC1=O)C2
635,CHEMBL3642480,1001.0,COc1ccc2c(c1)C(=O)N(C[C@]1(C#Cc3cncc(C(=O)NN)c3)NC(=O)NC1=O)C2
636,CHEMBL3642481,501.0,COc1ccc2c(c1)C(=O)N(C[C@]1(C#Cc3ccc(C(=O)NS(C)(=O)=O)nc3)NC(=O)NC1=O)C2
637,CHEMBL3642482,501.0,COc1ccc2c(c1)C(=O)N(C[C@]1(C#Cc3cnc(N)c(C(=O)O)c3)NC(=O)NC1=O)C2
638,CHEMBL3642483,0.73,COc1ccc2c(c1)C(=O)N(C[C@@]1(C#Cc3cnc(N)c(C(=O)NS(C)(=O)=O)c3)NC(=O)NC1=O)C2
639,CHEMBL3642484,501.0,COc1ccc2c(c1)C(=O)N(C[C@]1(C#Cc3ccc(C(=O)O)s3)NC(=O)NC1=O)C2
640,CHEMBL3642485,382.0,COc1ccc2c(c1)C(=O)N(C[C@@]1(C#Cc3ccc(C4(C5CCC5)NC(=O)NC4=O)cc3)NC(=O)NC1=O)C2
641,CHEMBL3642486,0.44,COc1ccc2c(c1)C(=O)N(C[C@@]1(C#Cc3ccc(C4(C)NC(=O)NC4=O)s3)NC(=O)NC1=O)C2
642,CHEMBL3642487,0.42,COc1ccc2c(c1)C(=O)N(C[C@@]1(C#Cc3csc(C4(C)NC(=O)NC4=O)c3)NC(=O)NC1=O)C2
643,CHEMBL3642488,0.18,COc1ccc2c(c1)C(=O)N(C[C@@]1(C#Cc3ccc4oc(C5(C)NC(=O)NC5=O)cc4c3)NC(=O)NC1=O)C2
644,CHEMBL3642489,0.22,COc1ccc2c(c1)C(=O)N(C[C@@]1(C#Cc3ccc4oc(C5(C)NC(=O)NC5=O)c(C)c4c3)NC(=O)NC1=O)C2
645,CHEMBL3642490,20.0,CCN1CCN(C(N=O)c2ccc(C#C[C@]3(CN4Cc5ccc(OC)cc5C4=O)NC(=O)NC3=O)cc2)CC1
646,CHEMBL3642491,0.16,COc1ccc2c(c1)C(=O)N(C[C@@]1(C#Cc3ccc(C(N=O)N4CCSCC4)cc3)NC(=O)NC1=O)C2
647,CHEMBL3642492,0.24,COc1ccc2c(c1)C(=O)N(C[C@@]1(C#Cc3ccc(/C(=N/O)N4CCCN(C)CC4)cc3)NC(=O)NC1=O)C2
648,CHEMBL3642493,0.27,COc1ccc2c(c1)C(=O)N(C[C@@]1(C#Cc3ccc(/C(=N/O)N4CCC4)cc3)NC(=O)NC1=O)C2
649,CHEMBL3642494,0.24,COc1ccc2c(c1)C(=O)N(C[C@@]1(C#Cc3cccc(C(N=O)N4CCN(C)CC4)c3)NC(=O)NC1=O)C2
650,CHEMBL3642495,0.18,COc1ccc2c(c1)C(=O)N(C[C@@]1(C#Cc3cccc(C(N=O)N4CCOCC4)c3)NC(=O)NC1=O)C2
651,CHEMBL3642496,0.07,COc1ccc2c(c1)C(=O)N(C[C@@]1(C#Cc3ccc(C(N=O)N4CCN(C5CC5)CC4)cc3)NC(=O)NC1=O)C2
652,CHEMBL3642497,435.0,CCN1CCN(C(N=O)c2cncc(C#C[C@]3(CN4Cc5ccc(OC)cc5C4=O)NC(=O)NC3=O)c2)CC1
653,CHEMBL3642498,0.71,COc1ccc2c(c1)C(=O)N(C[C@@]1(C#Cc3cncc(C(N=O)N4CCCN(C)CC4)c3)NC(=O)NC1=O)C2
654,CHEMBL3642499,74.0,CCCCN1CCN(/C(=N/O)c2ccc(C#C[C@]3(CN4Cc5ccc(OC)cc5C4=O)NC(=O)NC3=O)cc2)CC1
655,CHEMBL3642500,0.11,COc1ccc2c(c1)C(=O)N(C[C@@]1(C#Cc3ccc(C(N=O)N4CCN(C5CCCCC5)CC4)cc3)NC(=O)NC1=O)C2
656,CHEMBL3642501,0.06,COc1ccc2c(c1)C(=O)N(C[C@@]1(C#Cc3ccc(C(N=O)N4CCN(C5CCCCCC5)CC4)cc3)NC(=O)NC1=O)C2
657,CHEMBL3642502,278.0,COc1ccc2c(c1)C(=O)N(C[C@@]1(C#Cc3ccc(C(N=O)N4CCN(c5ccccc5)CC4)cc3)NC(=O)NC1=O)C2
658,CHEMBL3642503,3546.0,COc1ccc2c(c1)C(=O)N(C[C@@]1(C#Cc3ccc4c(c3)C(C)Oc3cccnc3-4)NC(=O)NC1=O)C2
659,CHEMBL3642504,0.32,CCN1CCN(C(CO)c2ccc(C#C[C@]3(CN4Cc5ccc(OC)cc5C4=O)NC(=O)NC3=O)cc2)CC1
660,CHEMBL3642505,47.0,COc1ccc2c(c1)C(=O)N(C[C@@]1(C#Cc3ccc(/C(=N/O)N4CCCN(C(C)C)CC4)cc3)NC(=O)NC1=O)C2
661,CHEMBL3642506,1237.0,CO/N=C(\c1ccc(C#C[C@]2(CN3Cc4ccc(OC)cc4C3=O)NC(=O)NC2=O)cc1)N1CCOCC1
662,CHEMBL3642507,1224.0,COc1ccc2c(c1)C(=O)N(C[C@@]1(C#Cc3ccc(C/N=N/c4ccccc4)cc3)NC(=O)NC1=O)C2
663,CHEMBL3642508,0.09,CCN1CCN(c2ccc(O)c(-c3ccc(C#C[C@]4(CN5Cc6ccc(OC)cc6C5=O)NC(=O)NC4=O)cc3)n2)CC1
664,CHEMBL3642509,100.0,COc1ccc2c(c1)C(=O)N(C[C@@]1(C#Cc3ccc(C(N=O)N4CCOCC4)cc3)NC(=O)NC1=O)C2
665,CHEMBL3642510,0.19,COc1ccc2c(c1)C(=O)N(C[C@@]1(C#Cc3ccc(C(N=O)N4CCCC4)cc3)NC(=O)NC1=O)C2
666,CHEMBL3642511,65.0,COc1ccc2c(c1)C(=O)N(C[C@@]1(C#Cc3ccc(C(N=O)N4CCN(C)CC4)cc3)NC(=O)NC1=O)C2
667,CHEMBL3642512,86.0,COc1ccc2c(c1)C(=O)N(C[C@@]1(C#Cc3ccc(C(N=O)N4CCC(=O)CC4)cc3)NC(=O)NC1=O)C2
668,CHEMBL3642513,0.12,COc1ccc2c(c1)C(=O)N(C[C@@]1(C#Cc3ccc(C(N=O)N4CCCCC4)cc3)NC(=O)NC1=O)C2
669,CHEMBL3642514,0.12,COc1ccc2c(c1)C(=O)N(C[C@@]1(C#Cc3ccc(C(N=O)N4CCN(C)CC4)s3)NC(=O)NC1=O)C2
670,CHEMBL3642515,571.0,COc1ccc2c(c1)C(=O)N(C[C@@]1(C#Cc3ccc(C(N=O)N4CCOCC4)s3)NC(=O)NC1=O)C2
671,CHEMBL3642516,87.0,COc1ccc2c(c1)C(=O)N(C[C@@]1(C#Cc3ccc(C(N=O)N4CCN(C)CC4)nc3)NC(=O)NC1=O)C2
672,CHEMBL3642517,87.0,CCN1CCN(C(N=O)c2ccc(C#C[C@]3(CN4Cc5ccc(OC)cc5C4=O)NC(=O)NC3=O)cn2)CC1
673,CHEMBL3642518,0.1,COc1ccc2c(c1)C(=O)N(C[C@@]1(C#Cc3ccc(C4(C)NC(=O)NC4=O)cc3C)NC(=O)NC1=O)C2
674,CHEMBL3642519,398.0,COc1ccc2c(c1)C(=O)N(C[C@@]1(C#Cc3ccc(C4(C)NC(=O)NC4=S)cc3)NC(=O)NC1=O)C2
675,CHEMBL3642520,0.39,COc1ccc2c(c1)C(=O)N(C[C@@]1(C#Cc3ccc([C@H]4CCC(=O)N4)cc3)NC(=O)NC1=O)C2
676,CHEMBL3642521,0.28,COc1ccc2c(c1)C(=O)N(C[C@@]1(C#Cc3ccc(C4(C(N)=O)CC4)cc3)NC(=O)NC1=O)C2
677,CHEMBL3642522,0.3,CNC(=O)C1(c2ccc(C#C[C@]3(CN4Cc5ccc(OC)cc5C4=O)NC(=O)NC3=O)cc2)CC1
678,CHEMBL3642523,0.24,COc1ccc2c(c1)C(=O)N(C[C@@]1(C#Cc3ccc(C(C)(C)C(N)=O)cc3)NC(=O)NC1=O)C2
679,CHEMBL3642524,2223.0,COc1ccc2c(c1)C(=O)N(C[C@@]1(C#Cc3cccnc3-c3cnn(C)c3)NC(=O)NC1=O)C2
680,CHEMBL3642525,0.22,COc1ccc2c(c1)C(=O)N(C[C@@]1(C#Cc3cccnc3-c3c(C)nn(C)c3C)NC(=O)NC1=O)C2
681,CHEMBL3642526,0.68,C#C[C@]1(CN2Cc3ccc(OC)c(F)c3C2=O)NC(=O)NC1=O
682,CHEMBL3642527,927.0,COc1ccc2c(c1)C(=O)N(C[C@@]1(C#Cc3cccnc3-c3cn[nH]c3)NC(=O)NC1=O)C2
683,CHEMBL3642528,134.0,COc1ccc2c(c1F)C(=O)N(C[C@@]1(C#Cc3cccnc3)NC(=O)NC1=O)C2
684,CHEMBL3642529,9028.0,COc1ccc2c(c1)C(=O)N(C[C@@]1(C#Cc3ccc(-c4c(C)nn(C)c4C)nc3)NC(=O)NC1=O)C2
685,CHEMBL3642530,1026.0,COc1ccc2c(c1)C(=O)N(C[C@@]1(C#Cc3ccc(-c4cnn(C)c4)nc3)NC(=O)NC1=O)C2
686,CHEMBL3642531,2113.0,COc1ccc2c(c1)C(=O)N(C[C@@]1(C#Cc3cccnc3-c3cccnc3)NC(=O)NC1=O)C2
687,CHEMBL3642532,566.0,COC(=O)C(c1ccc(C#C[C@]2(CN3Cc4ccc(OC)cc4C3=O)NC(=O)NC2=O)cc1)N1CCCNCC1
688,CHEMBL3642533,302.0,COc1ccc2c(c1)C(=O)N(C[C@@]1(C#Cc3ccc(C(C(N)=O)N4CCCNCC4)cc3)NC(=O)NC1=O)C2
689,CHEMBL3642534,0.34,COc1ccc2c(c1)C(=O)N(C[C@@]1(C#Cc3ccc(C(C(=O)O)N4CCCNCC4)cc3)NC(=O)NC1=O)C2
690,CHEMBL3642535,0.19,COc1ccc2c(c1F)C(=O)N(C[C@@]1(C#Cc3cccnc3C)NC(=O)NC1=O)C2
691,CHEMBL3642536,396.0,COc1ccc2c(c1F)C(=O)N(C[C@@]1(C#Cc3ccc(C)nc3)NC(=O)NC1=O)C2
692,CHEMBL3642537,150.0,COc1ccc2c(c1)C(=O)N(C[C@@]1(C#Cc3ccc(/N=C(\N)NC#N)cc3)NC(=O)NC1=O)C2
693,CHEMBL3642538,0.28,CCN1CCC(C(=O)OC)(c2ccc(C#C[C@]3(CN4Cc5ccc(OC)cc5C4=O)NC(=O)NC3=O)cc2)CC1
694,CHEMBL3642539,2090.0,COc1ccc2c(c1)C(=O)N(C[C@@]1(C#Cc3ccc(-c4ccccc4O)nc3)NC(=O)NC1=O)C2
695,CHEMBL3642540,239.8,CCN1CCC(C(=O)O)(c2ccc(C#C[C@]3(CN4Cc5ccc(OC)cc5C4=O)NC(=O)NC3=O)cc2)CC1
696,CHEMBL3642541,225.0,CCC1(c2ccc(C#CC3(CN4Cc5ccc(OC)cc5C4=O)NC(=O)NC3=O)cc2)NC(=O)NC1=O
697,CHEMBL3642543,0.54,COc1ccc2c(c1)C(=O)N(C[C@@]1(C#Cc3ccc(CC4(C)NC(=O)NC4=O)cc3)NC(=O)NC1=O)C2
698,CHEMBL3642544,0.96,COc1ccc2c(c1)C(=O)N(C[C@@]1(C#Cc3ccc(C4(C)NC(=O)NC4=O)c(F)c3)NC(=O)NC1=O)C2
699,CHEMBL3642545,0.74,COC(=O)Cc1ccc(C#C[C@]2(CN3Cc4ccc(OC)cc4C3=O)NC(=O)NC2=O)cc1
700,CHEMBL3642546,0.66,COc1ccc2c(c1)C(=O)N(CC1(C#Cc3cccnc3N3CCN(C)CC3)NC(=O)NC1=O)C2
701,CHEMBL3642547,1996.0,COc1ccc2c(c1)C(=O)N(CC1(C#Cc3cccnc3NCCN(C)C)NC(=O)NC1=O)C2
702,CHEMBL3642548,0.19,COc1ccc2c(c1)C(=O)N(C[C@@]1(C#Cc3cccnc3N3CCOCC3)NC(=O)NC1=O)C2
703,CHEMBL3642549,419.0,COc1ccc2c(c1)C(=O)N(C[C@@]1(C#Cc3ccc(NCCN(C)C)nc3)NC(=O)NC1=O)C2
704,CHEMBL3642550,1593.0,COc1ccc2c(c1)C(=O)N(C[C@@]1(C#Cc3cccnc3-c3cncnc3)NC(=O)NC1=O)C2
705,CHEMBL3642551,2265.0,COc1ccc2c(c1)C(=O)N(C[C@@]1(C#Cc3cccnc3-c3ccncc3)NC(=O)NC1=O)C2
706,CHEMBL3642552,0.19,COc1ccc2c(c1)C(=O)N(C[C@@]1(C#Cc3ccc(-c4cn[nH]c4)nc3)NC(=O)NC1=O)C2
707,CHEMBL3642553,0.43,COc1ccc2c(c1)C(=O)N(C[C@@]1(C#Cc3ccc(C(N=O)N4CCNC[C@@H]4C)cc3)NC(=O)NC1=O)C2
708,CHEMBL3642554,327.0,COc1ccc2c(c1)C(=O)N(C[C@@]1(C#Cc3ccc(C(N=O)N4[C@H](C)CNC[C@@H]4C)cc3)NC(=O)NC1=O)C2
709,CHEMBL3642555,0.68,COc1ccc2c(c1)C(=O)N(C[C@@]1(C#Cc3ccc(N4CCCCC4=O)cc3)NC(=O)NC1=O)C2
710,CHEMBL3642556,236.0,COc1ccc2c(c1)C(=O)N(C[C@@]1(C#Cc3ccc(-c4cn[nH]c4N)cc3)NC(=O)NC1=O)C2
711,CHEMBL3642557,268.0,COc1ccc2c(c1)C(=O)N(CC1(C#Cc3ccc(/N=C(\NC#N)NC4CC4)cc3)NC(=O)NC1=O)C2
712,CHEMBL3642559,347.7,COc1ccc2c(c1)C(=O)N(C[C@@]1(C#Cc3ccc(N4CCC5(CC4)NC(=O)NC5=O)nc3)NC(=O)NC1=O)C2
713,CHEMBL3642560,0.29,COc1ccc2c(c1)C(=O)N(C[C@@]1(C#Cc3ccc4c(c3)CCCC43NC(=O)NC3=O)NC(=O)NC1=O)C2
714,CHEMBL3642561,0.26,COc1ccc2c(c1)C(=O)N(C[C@@]1(C#Cc3ccc4c(c3)CC[C@]43NC(=O)NC3=O)NC(=O)NC1=O)C2
715,CHEMBL3642562,0.24,COc1ccc2c(c1)C(=O)N(C[C@@]1(C#Cc3ccc4c(c3)CC[C@@]43NC(=O)NC3=O)NC(=O)NC1=O)C2
716,CHEMBL3642563,151.0,COc1ccc2c(c1)C(=O)N(C[C@@]1(C#Cc3ccc4c(c3)CCC43NC(=O)NC3=O)NC(=O)NC1=O)C2
717,CHEMBL3642564,335.0,CCN1CCN(C(N=O)c2ccc(C#C[C@]3(CN4CCc5cc(OC)ccc5C4=O)NC(=O)NC3=O)cc2)CC1
718,CHEMBL3642565,639.0,COc1ccc2c(c1)CCN(C[C@@]1(C#Cc3ccc(/C(=N/O)N4CCCN(C)CC4)cc3)NC(=O)NC1=O)C2=O
719,CHEMBL3644495,2500.0,CCn1c(=O)c2cnc3c(Cl)cccc3c2n(C2CCCC2)c1=O
720,CHEMBL3644496,2600.0,CCCc1cccc2c1ncc1c(=O)n(CC)c(=O)n(C3CCCC3)c12
721,CHEMBL3644497,20000.0,CCn1c(=O)c2cnc3c(C(C)C)cccc3c2n(C2CCCC2)c1=O
722,CHEMBL3644498,30.0,COc1cccc2c1ncc1c(=O)n(-c3cc(C)cs3)c(=O)n(C3CCCC3)c12
723,CHEMBL3644499,6.0,COc1cccc2c1ncc1c(=O)n(-c3cccc(C)c3)c(=O)n(C3CCCC3)c12
724,CHEMBL3644500,2.0,COc1cccc2c1ncc1c(=O)n(-c3ccc4c(c3)OCO4)c(=O)n(C3CCCC3)c12
725,CHEMBL3644503,29.0,COc1cccc2c1ncc1c(=O)n(-c3cccc(Cl)c3)c(=O)n([C@@H]3CCN(S(C)(=O)=O)C3)c12
726,CHEMBL3644504,29.0,COc1cccc2c1ncc1c(=O)n(-c3cccc(Cl)c3)c(=O)n([C@H]3CCN(S(C)(=O)=O)C3)c12
727,CHEMBL366604,45762.75,CCc1nc2c(=O)[nH]c(=O)n(C)c2nc1CC
728,CHEMBL368458,18000.0,CCCn1c(=O)n(CCCC(=O)OCC)c(=O)c2nsnc21
729,CHEMBL368515,200000.0,Cn1c(=O)n(CCCC(=O)O)c(=O)c2ccccc21
730,CHEMBL369050,45762.75,O=c1[nH]c(=O)n(Cc2ccccc2)c2nccnc12
731,CHEMBL3739428,45762.75,O=C(c1coc2ccccc2c1=O)N1CCN(Cc2cn(-c3cccc(C(F)(F)F)c3)c3ccc([N+](=O)[O-])cc23)CC1
732,CHEMBL3739774,45762.75,O=C(c1coc2ccccc2c1=O)N1CCN(C(=O)c2cn(-c3cccc(C(F)(F)F)c3)c3ccc([N+](=O)[O-])cc23)CC1
733,CHEMBL3739810,45762.75,O=C(c1ccccc1)N1CCN(C(=O)c2cn(-c3cccc(C(F)(F)F)c3)c3ccccc23)CC1
734,CHEMBL3740080,15000.0,O=C(c1coc2ccccc2c1=O)N1CCN(C(=O)c2cn(-c3cccc([N+](=O)[O-])c3)c3ccc([N+](=O)[O-])cc23)CC1
735,CHEMBL3740193,45762.75,O=C(NCCCNC(=O)c1cn(S(=O)(=O)c2ccccc2)c2ccccc12)c1ccccc1
736,CHEMBL3740299,45762.75,O=C(NCCCCNC(=O)c1cn(S(=O)(=O)c2ccccc2)c2ccccc12)c1ccc2ccccc2c1
737,CHEMBL3740371,45762.75,O=C(c1ccccc1F)N1CCN(C(=O)c2c[nH]c3ccc([N+](=O)[O-])cc23)CC1
738,CHEMBL3740423,45762.75,CN(CCN(C)C(=O)c1cn(-c2cccc(N)c2)c2ccccc12)C(=O)c1coc2ccccc2c1=O
739,CHEMBL3740564,20000.0,O=C(NCCCNC(=O)c1cn(S(=O)(=O)c2ccccc2)c2ccccc12)c1coc2ccccc2c1=O
740,CHEMBL3740629,45762.75,CN(CCN(C)C(=O)c1cn(S(=O)(=O)c2ccccc2)c2ccccc12)C(=O)c1ccccc1
741,CHEMBL3740630,45762.75,CN(CCN(C)C(=O)c1cn(S(=O)(=O)c2ccccc2)c2ccccc12)C(=O)c1ccccc1F
742,CHEMBL3740702,15000.0,O=C(c1coc2ccccc2c1=O)N1CCN(C(=O)c2cn(S(=O)(=O)c3ccccc3)c3ccccc23)CC1
743,CHEMBL3740763,45762.75,CN(CCN(C)C(=O)c1cn(-c2cccc(C(F)(F)F)c2)c2ccc([N+](=O)[O-])cc12)C(=O)c1ccccc1F
744,CHEMBL3740816,45762.75,O=C(c1ccc2ccccc2c1)N1CCN(C(=O)c2cn(-c3cccc(C(F)(F)F)c3)c3ccccc23)CC1
745,CHEMBL3740824,45762.75,CN(CCN(C)C(=O)n1ccnc1)C(=O)c1cn(S(=O)(=O)c2ccccc2)c2ccccc12
746,CHEMBL3740927,45762.75,O=C(c1ccc2ccccc2c1)N1CCN(C(=O)c2cn(S(=O)(=O)c3ccccc3)c3ccccc23)CC1
747,CHEMBL3740948,10000.0,Nc1cccc(-n2cc(C(=O)N3CCN(C(=O)c4coc5ccccc5c4=O)CC3)c3ccccc32)c1
748,CHEMBL3741015,45762.75,Nc1cccc(-n2cc(C(=O)N3CCN(C(=O)C4COc5ccccc5C4=O)CC3)c3cc(N)ccc32)c1
749,CHEMBL3741025,45762.75,O=C(c1coc2ccccc2c1=O)N1CCN(C(=O)c2cn(-c3cccc([N+](=O)[O-])c3)c3ccccc23)CC1
750,CHEMBL3741215,15000.0,Cc1ccc2occ(CN3CCN(Cc4cn(-c5cccc(C(F)(F)F)c5)c5ccccc45)CC3)c(=O)c2c1
751,CHEMBL3741275,20000.0,CN(CCN(C)C(=O)c1cn(S(=O)(=O)c2cccc([N+](=O)[O-])c2)c2ccccc12)C(=O)c1coc2ccccc2c1=O
752,CHEMBL3741278,40000.0,Nc1cccc(-n2cc(C(=O)N3CCN(C(=O)c4coc5ccccc5c4=O)CC3)c3cc(N)ccc32)c1
753,CHEMBL3741286,45762.75,CN(CCN(C)C(=O)c1cn(S(=O)(=O)c2ccccc2)c2ccccc12)C(=O)c1ccc2ccccc2c1
754,CHEMBL3741299,45762.75,O=C(c1ccc2ccccc2c1)N1CCN(Cc2cn(-c3cccc(C(F)(F)F)c3)c3ccc([N+](=O)[O-])cc23)CC1
755,CHEMBL3741437,45762.75,O=C(c1cn(-c2cccc(C(F)(F)F)c2)c2ccccc12)N1CCN(C(=O)n2ccnc2)CC1
756,CHEMBL3741761,15000.0,Cc1cc2occ(CN3CCN(Cc4cn(-c5cccc(C(F)(F)F)c5)c5ccccc45)CC3)c(=O)c2cc1C
757,CHEMBL3741778,45762.75,Cc1cc2occ(C(=O)N3CCN(C(=O)c4cn(-c5cccc(C(F)(F)F)c5)c5ccccc45)CC3)c(=O)c2cc1C
758,CHEMBL3741784,45762.75,CN(CCN(C)C(=O)c1cn(S(=O)(=O)c2ccccc2)c2ccccc12)C(=O)c1cccs1
759,CHEMBL3741922,45762.75,O=C(NCCNC(=O)c1cn(S(=O)(=O)c2ccccc2)c2ccccc12)c1ccc2ccccc2c1
760,CHEMBL3741962,45762.75,O=C(c1cccs1)N1CCN(C(=O)c2c[nH]c3ccc([N+](=O)[O-])cc23)CC1
761,CHEMBL3742137,60000.0,Cc1cc2occ(C(=O)N(C)CCN(C)C(=O)c3cn(-c4cccc(C(F)(F)F)c4)c4ccccc34)c(=O)c2cc1C
762,CHEMBL3742150,45762.75,CN(CCN(C)C(=O)c1cn(-c2cccc(C(F)(F)F)c2)c2ccc([N+](=O)[O-])cc12)C(=O)c1coc2ccccc2c1=O
763,CHEMBL3742191,45762.75,CN(CCN(C)C(=O)c1cn(-c2cccc([N+](=O)[O-])c2)c2ccccc12)C(=O)c1coc2ccccc2c1=O
764,CHEMBL3806135,20700.0,CC[C@H](C)[C@H](NC(=O)[C@H](Cc1c[nH]c2ccccc12)NC(=O)[C@H](CCC(=O)O)NC(=O)[C@H](CC(C)C)NC(=O)[C@@H](NC(=O)[C@H](CCSC)NC(=O)[C@H](CCCNC(=N)N)NC(=O)[C@H](C)NC(=O)[C@H](Cc1ccc(O)cc1)NC(=O)[C@H](CCC(N)=O)NC(=O)[C@H](CCC(=O)O)NC(=O)[C@H](C)NC(=O)[C@H](Cc1ccccc1)NC(=O)[C@H](Cc1c[nH]c2ccccc12)NC(=O)[C@H](CCCCN)NC(=O)[C@H](CCC(=O)O)NC(=O)[C@@H](N)CCC(N)=O)C(C)C)C(=O)N[C@@H](CCC(=O)O)C(=O)N[C@@H](CCCCN)C(=O)N[C@@H](CCC(=O)O)C(=O)N[C@@H](CC(C)C)C(=O)N[C@@H](CCCCN)C(=O)N[C@@H](CCC(=O)O)C(=O)N[C@@H](CO)C(=O)N[C@@H](CC(C)C)C(=O)O
765,CHEMBL3892871,680.0,CCCn1c(=O)n(CC)c(=O)c2cnc3c(OC)cccc3c21
766,CHEMBL3894945,270.0,COc1cccc2c1ncc1c(=O)n(C(C)C)c(=O)n(C3CCCC3)c12
767,CHEMBL3898279,1100.0,CCn1c(=O)c2cnc3c(OC)cccc3c2n(CC(C)C)c1=O
768,CHEMBL3903807,2.0,COc1cccc2c1ncc1c(=O)n(-c3cccc(Cl)c3)c(=O)n([C@H]3CCN(C(=O)OC(C)(C)C)C3)c12
769,CHEMBL3911773,0.9,COc1cccc2c1ncc1c(=O)n(-c3ccc(Cl)cc3)c(=O)n(C3CCC(C)CC3)c12
770,CHEMBL3913144,9.0,COc1cccc2c1ncc1c(=O)n(-c3cccc(Cl)c3)c(=O)n(C3CCCC3)c12
771,CHEMBL3913808,1300.0,COc1cccc2c1ncc1c(=O)n(-c3ccccc3)c(=O)n(C3CCCC3)c12
772,CHEMBL3916613,3500.0,CCn1c(=O)c2cnc3c(OC)cc(Cl)cc3c2n(C2CCCC2)c1=O
773,CHEMBL3917179,450.0,COc1cccc2c1ncc1c(=O)n(-c3ccc4c(c3)OCO4)c(=O)n(C3CCNCC3)c12
774,CHEMBL3921402,2.0,COc1cccc2c1ncc1c(=O)n(-c3cccc(Cl)c3)c(=O)n(C3CCC(F)(F)CC3)c12
775,CHEMBL3925334,163.0,COc1cccc2c1ncc1c(=O)n(-c3ccc(C)cc3)c(=O)n(C3CCCC3)c12
776,CHEMBL3928313,20000.0,CCn1c(=O)c2cnc3c(OC)cccc3c2n(C(C)C)c1=O
777,CHEMBL3931657,1.0,COc1cccc2c1ncc1c(=O)n(-c3cccc(Cl)c3)c(=O)n(C3CCN(C(=O)c4ccccc4)CC3)c12
778,CHEMBL3932267,6.0,CCc1cccc(-n2c(=O)c3cnc4c(OC)cccc4c3n(C3CCCC3)c2=O)c1
779,CHEMBL3932863,0.4,COc1cccc2c1ncc1c(=O)n(-c3cccc(Cl)c3)c(=O)n(C3CCN(S(=O)(=O)N(C)C)CC3)c12
780,CHEMBL3936729,900.0,CCn1c(=O)c2cnc3c(OC)cccc3c2n(CCCF)c1=O
781,CHEMBL3938310,450.0,CCC(C)n1c(=O)c2cnc3c(OC)cccc3c2n(C2CCCC2)c1=O
782,CHEMBL3938364,0.4,COc1cccc2c1ncc1c(=O)n(-c3cccc(Cl)c3)c(=O)n(C3CCN(S(=O)(=O)C4CCS(=O)(=O)C4)CC3)c12
783,CHEMBL3938519,3000.0,CCCCCCCCCCCCCCO[C@H]1C(O)O[C@H](COC(=O)CCC(=O)OC[C@H](NC(=O)OCC2c3ccccc3-c3ccccc32)C(=O)O)C(OC)[C@@H]1OCCCCCCCCCCCCCC
784,CHEMBL3938524,1.0,COc1cccc2c1ncc1c(=O)n(-c3cccc(Cl)c3)c(=O)n(C3CCC(C(=O)O)CC3)c12
785,CHEMBL3944621,200.0,CCn1c(=O)c2cnc3c(OC)cccc3c2n(C2CCC(C)CC2)c1=O
786,CHEMBL3945875,6.0,COc1cccc2c1ncc1c(=O)n(-c3cccc(Cl)c3)c(=O)n(C3CCC(NS(C)(=O)=O)CC3)c12
787,CHEMBL3947142,5.0,COc1cccc2c1ncc1c(=O)n(-c3cccc(Cl)c3)c(=O)n(C3CCNCC3)c12
788,CHEMBL3948031,4.0,COc1cccc2c1ncc1c(=O)n(-c3cccc(Cl)c3)c(=O)n(C3CCCCC3)c12
789,CHEMBL3949836,410.0,COc1cccc2c1ncc1c(=O)n(-c3cccs3)c(=O)n(C3CCCC3)c12
790,CHEMBL3952042,50000.0,COC(=O)N1CCC(n2c(=O)n(-c3cccc(Cl)c3)c(=O)c3cnc4c(OC)cccc4c32)CC1
791,CHEMBL3952484,180.0,CCn1c(=O)c2cnc3c(OC)cccc3c2n(C2CCCC2)c1=O
792,CHEMBL3953457,280.0,COc1cccc2c1ncc1c(=O)n(-c3cccc(S(C)(=O)=O)c3)c(=O)n(C3CCCC3)c12
793,CHEMBL3954709,0.3,COc1cccc2c1ncc1c(=O)n(-c3cccc(Cl)c3)c(=O)n(C3CCN(C(=O)NC(C)C)CC3)c12
794,CHEMBL3955760,0.4,COc1cccc2c1ncc1c(=O)n(-c3cccc(Cl)c3)c(=O)n(C3CCN(S(=O)(=O)C(C)C)CC3)c12
795,CHEMBL3958223,1000.0,CCOC(=O)Cn1c(=O)c2cnc3c(OC)cccc3c2n(C2CCCC2)c1=O
796,CHEMBL3958464,240.0,COc1cccc2c1ncc1c(=O)n(-c3ccc4c(c3)OCCO4)c(=O)n(C3CCCC3)c12
797,CHEMBL3958848,1.0,COc1cccc2c1ncc1c(=O)n(-c3cccc(C)c3)c(=O)n(C3CCC(C)CC3)c12
798,CHEMBL3960339,1.0,COc1cccc2c1ncc1c(=O)n(-c3cccc(Cl)c3)c(=O)n(C3CCN(S(=O)(=O)c4ccccc4)CC3)c12
799,CHEMBL3962096,1.0,COc1cccc2c1ncc1c(=O)n(-c3ccc4c(c3)OCO4)c(=O)n(C3CCN(C(=O)OC(C)(C)C)CC3)c12
800,CHEMBL3962756,20.0,COc1cccc2c1ncc1c(=O)n(-c3ccccc3Cl)c(=O)n(C3CCC(C)CC3)c12
801,CHEMBL3964458,123.0,COc1cccc2c1ncc1c(=O)n(-c3cccc(C#N)c3)c(=O)n(C3CCCC3)c12
802,CHEMBL3966151,1.0,COc1cccc2c1ncc1c(=O)n(-c3cccc(Cl)c3)c(=O)n(C3CCN(C(=O)OC(C)(C)C)CC3)c12
803,CHEMBL3966213,1000.0,COc1cccc2c1ncc1c(=O)n(-c3cccc(Cl)c3)c(=O)n([C@H]3CCNC3)c12
804,CHEMBL3969462,390.0,CCCCn1c(=O)n(CC)c(=O)c2cnc3c(OC)cccc3c21
805,CHEMBL3971431,0.6,CCNC(=O)N1CCC(n2c(=O)n(-c3cccc(Cl)c3)c(=O)c3cnc4c(OC)cccc4c32)CC1
806,CHEMBL3971594,46000.0,COC1C(COC(=O)CCC(=O)OC[C@H](NC(=O)OCC2c3ccccc3-c3ccccc32)C(=O)O)OC(O)[C@H](OCc2ccccc2)[C@H]1OCc1ccccc1
807,CHEMBL3972551,1.0,CCCCn1c(=O)n(-c2cccc(C)c2)c(=O)c2cnc3c(OC)cccc3c21
808,CHEMBL3973186,3600.0,CCn1c(=O)c2cnc3c(OC(F)(F)F)cccc3c2n(C2CCCC2)c1=O
809,CHEMBL3976439,2.0,COc1cccc2c1ncc1c(=O)n(-c3cccc(Cl)c3)c(=O)n(C3CCN(C(C)=O)CC3)c12
810,CHEMBL3977927,1400.0,COc1cccc2c1ncc1c(=O)n(C)c(=O)n(C3CCCC3)c12
811,CHEMBL3977963,14200.0,CCn1c(=O)c2cnc3c(OC)cccc3c2n(-c2ccc(OC)c(OC)c2)c1=O
812,CHEMBL3978166,920.0,CCn1c(=O)c2cnc3c(OC)cc(F)cc3c2n(C2CCCC2)c1=O
813,CHEMBL3982748,74.0,COc1cccc2c1ncc1c(=O)n(-c3cccc(SC)c3)c(=O)n(C3CCCC3)c12
814,CHEMBL3983488,500.0,CCCCCCCCCCCCCCO[C@@H]1[C@@H](OCCCCCCCCCCCCCC)[C@@H](OC)O[C@H](COC(=O)CCC(=O)OC[C@H](NC(=O)OCC2c3ccccc3-c3ccccc32)C(=O)O)[C@H]1OC
815,CHEMBL3984643,500.0,CCn1c(=O)c2cnc3c(C)cccc3c2n(C2CCCC2)c1=O
816,CHEMBL3986436,4.0,COc1cccc2c1ncc1c(=O)n(-c3cccc(Cl)c3)c(=O)n(C3CCC(C)CC3)c12
817,CHEMBL3986640,2.0,COc1cccc2c1ncc1c(=O)n(-c3cccc(Cl)c3)c(=O)n(CC3CCN(S(C)(=O)=O)CC3)c12
818,CHEMBL3986932,8.0,COc1cccc2c1ncc1c(=O)n(-c3ccc4c(c3)OCO4)c(=O)n(C3CCN(S(C)(=O)=O)CC3)c12
819,CHEMBL4108792,0.3,COc1cccc2c1ncc1c(=O)n(-c3cccc(Cl)c3)c(=O)n([C@@H]3CCN(C(=O)OC(C)(C)C)C3)c12
820,CHEMBL4110900,31.0,COc1cccc2c1ncc1c(=O)n(-c3cccc(Cl)c3)c(=O)n([C@@H]3CCNC3)c12
821,CHEMBL4127754,2710.0,Cl.O=C1/C(=C/c2cccnc2)Cc2ccc(O)cc21
822,CHEMBL4127950,4800.0,Cl.O=C1/C(=C/c2cccnc2)Cc2c(O)cccc21
823,CHEMBL4128990,2140.0,Cl.O=C1/C(=C/c2ccncc2)Cc2c(O)cccc21
824,CHEMBL414243,68000.0,CCOC(=O)CCCOc1nc(Cl)nc2cc(OC)c(OC)cc12
825,CHEMBL414429,22000.0,CCOC(=O)CCCn1cnc2cc(OC)c(OC)c(Cl)c2c1=O
826,CHEMBL418836,13000.0,COC(=O)CC(c1ccc(OC)c(OC)c1)N1C(=O)c2cc(Cl)c(Cl)cc2C1=O
827,CHEMBL419204,39000.0,COc1cc(OC)cc(C(CC(N)=O)N2C(=O)c3ccccc3C2=O)c1
828,CHEMBL419775,9000.0,CCOC(=O)CCn1cnc2cc(OC)c(OC)cc2c1=O
829,CHEMBL4202770,8000.0,CS(=O)(=O)c1ccc(-c2ccc3ncc(S(=O)(=O)N4CCC(C#N)(c5ccccc5)CC4)n3n2)cc1
830,CHEMBL4203548,25000.0,N#CC1(c2ccccc2)CCN(S(=O)(=O)c2cnc3ccc(Cl)nn23)CC1
831,CHEMBL4204234,28000.0,O=S(=O)(c1cnc2ccc(-c3cncc(F)c3)nn12)N1CCN(c2ccccn2)CC1
832,CHEMBL4204400,30000.0,CS(=O)(=O)c1ccc(-c2ccc3ncc(S(=O)(=O)NCC4CCCO4)n3n2)cc1
833,CHEMBL4204426,30000.0,O=S(=O)(NCC1CCCO1)c1cnc2ccc(-c3cncc(C(F)(F)F)c3)nn12
834,CHEMBL4204585,30000.0,COc1cccc(CNS(=O)(=O)c2cnc3ccc(-c4cncc(C(F)(F)F)c4)nn23)c1
835,CHEMBL4204718,30000.0,COc1cccc(CNS(=O)(=O)c2cnc3ccc(-c4ccc(OC)nc4)nn23)c1
836,CHEMBL4204753,11000.0,O=S(=O)(c1cnc2ccc(-c3cccnc3)nn12)N1CCN(c2ccccn2)CC1
837,CHEMBL4204861,4000.0,O=S(=O)(NCC1CCCO1)c1cnc2ccc(-c3cccnc3)nn12
838,CHEMBL4205907,30000.0,N#CC1(c2ccccc2)CCN(S(=O)(=O)c2cnc3ccc(-c4cncc(F)c4)nn23)CC1
839,CHEMBL4206211,4000.0,O=S(=O)(NCC1CCCO1)c1cnc2ccc(-c3cncc(F)c3)nn12
840,CHEMBL4206575,28000.0,NS(=O)(=O)c1cnc2ccc(Cl)nn12
841,CHEMBL4206607,7000.0,N#CC1(c2ccccc2)CCN(S(=O)(=O)c2cnc3ccc(-c4cccnc4)nn23)CC1
842,CHEMBL4207908,30000.0,O=S(=O)(c1cnc2ccc(Cl)nn12)N1CCN(c2ccccc2)CC1
843,CHEMBL4207994,30000.0,O=S(=O)(c1cnc2ccc(Cl)nn12)N1CCN(Cc2ccccc2)CC1
844,CHEMBL4208400,28000.0,COc1cccc(CNS(=O)(=O)c2cnc3ccc(-c4ccc(S(C)(=O)=O)cc4)nn23)c1
845,CHEMBL4208563,20000.0,CCN1CCN(S(=O)(=O)c2cnc3ccc(-c4ccc(OC)cc4)nn23)CC1
846,CHEMBL4208862,20000.0,CCN1CCN(S(=O)(=O)c2cnc3ccc(-c4ccc(OC)nc4)nn23)CC1
847,CHEMBL4209097,11000.0,O=S(=O)(c1cnc2ccc(-c3cncc(C(F)(F)F)c3)nn12)N1CCN(c2ccccn2)CC1
848,CHEMBL4209925,4000.0,COc1ccc(-c2ccc3ncc(S(=O)(=O)NCC4CCCO4)n3n2)cc1
849,CHEMBL4211218,6000.0,COc1ccc(-c2ccc3ncc(S(=O)(=O)NCC4CCCO4)n3n2)cn1
850,CHEMBL4211594,20000.0,N#CC1(c2ccccc2)CCN(S(=O)(=O)c2cnc3ccc(-c4cncc(C(F)(F)F)c4)nn23)CC1
851,CHEMBL4211883,11000.0,Nc1ncc(-c2ccc3ncc(S(=O)(=O)N4CCN(c5ccccn5)CC4)n3n2)cc1C(F)(F)F
852,CHEMBL4212270,30000.0,CCN1CCN(S(=O)(=O)c2cnc3ccc(-c4cncc(F)c4)nn23)CC1
853,CHEMBL4212779,6000.0,COc1cccc(CNS(=O)(=O)c2cnc3ccc(-c4cncc(F)c4)nn23)c1
854,CHEMBL4212813,30000.0,O=S(=O)(c1cnc2ccc(Cl)nn12)N1CCN(c2ccccn2)CC1
855,CHEMBL4212933,30000.0,O=S(=O)(NCC1CCCO1)c1cnc2ccc(Cl)nn12
856,CHEMBL4212953,18000.0,O=S(=O)(c1cnc2ccc(-c3cccnc3)nn12)N1CCN(Cc2ccccc2)CC1
857,CHEMBL4213498,15000.0,CCN1CCN(S(=O)(=O)c2cnc3ccc(-c4ccc(S(C)(=O)=O)cc4)nn23)CC1
858,CHEMBL4213788,9000.0,CCN1CCN(S(=O)(=O)c2cnc3ccc(-c4cncc(C(F)(F)F)c4)nn23)CC1
859,CHEMBL4214427,30000.0,COc1ccc(-c2ccc3ncc(S(=O)(=O)N4CCN(c5ccccn5)CC4)n3n2)cn1
860,CHEMBL4214663,300.0,COc1cccc(CNS(=O)(=O)c2cnc3ccc(-c4cccnc4)nn23)c1
861,CHEMBL4215614,500.0,COc1ccc(-c2ccc3ncc(S(=O)(=O)N4CCC(C#N)(c5ccccc5)CC4)n3n2)cc1OC
862,CHEMBL4215621,30000.0,COc1cccc(CNS(=O)(=O)c2cnc3ccc(-c4cnc(N)c(C(F)(F)F)c4)nn23)c1
863,CHEMBL4216431,12000.0,CS(=O)(=O)c1ccc(-c2ccc3ncc(S(=O)(=O)N4CCN(Cc5ccccc5)CC4)n3n2)cc1
864,CHEMBL4216524,12000.0,CS(=O)(=O)c1ccc(-c2ccc3ncc(S(=O)(=O)N4CCN(c5ccccn5)CC4)n3n2)cc1
865,CHEMBL4216705,4000.0,Nc1ncc(-c2ccc3ncc(S(N)(=O)=O)n3n2)cc1C(F)(F)F
866,CHEMBL4217242,15000.0,CCN1CCN(S(=O)(=O)c2cnc3ccc(-c4cccnc4)nn23)CC1
867,CHEMBL4217876,30000.0,CCN1CCN(S(=O)(=O)c2cnc3ccc(Cl)nn23)CC1
868,CHEMBL4217894,30000.0,O=S(=O)(c1cnc2ccc(-c3cncc(F)c3)nn12)N1CCN(Cc2ccccc2)CC1
869,CHEMBL4218009,30000.0,COc1cccc(CNS(=O)(=O)c2cnc3ccc(Cl)nn23)c1
870,CHEMBL422913,45762.75,CCCCCn1c(=O)[nH]c(=O)c2nccnc21
871,CHEMBL423609,50000.0,CCCCCCn1c(=O)c2c(n(C)c1=O)NC(O)N2
872,CHEMBL4277438,360.0,Cc1nc(Nc2ccc(Cl)nc2)c(C)c(C)c1O
873,CHEMBL4280147,540.0,Cc1nc(Nc2cnc3ccccc3c2)c(C)c(C)c1O
874,CHEMBL4284433,290.0,Cc1nc(Nc2nnc(-c3ccccc3)s2)c(C)c(C)c1O
875,CHEMBL433314,1606.0,CNC(=O)[C@@H](NC(=O)[C@H](CC(C)C)[C@H](CO)C(=O)NO)C(C)(C)C
876,CHEMBL435014,25000.0,CCOC(=O)CCCn1cnc2ccc(F)cc2c1=O
877,CHEMBL4436748,283.0,Nc1c(C(=O)NCc2ccc(C(=O)NCCCC3CCCCC3)cc2)cnn1-c1ccccc1
878,CHEMBL4648362,870.0,Cc1cc2c(-c3ccco3)cnc(N[C@@H]3CCN(C)C[C@H]3C(=O)NC3CCCCC3)c2[nH]c1=O
879,CHEMBL4649816,109.0,O=C1C[C@H](Nc2ncnc3[nH]cnc23)CN1Cc1ccccc1
880,CHEMBL4741635,207.0,CC(Nc1c(Cl)cnc2ncc(-c3cnc(C(C)(C)O)nc3)cc12)c1ccccc1F
881,CHEMBL4742065,45762.75,Cc1cc2occ(CN(C)CCN(C)Cc3cn(-c4cccc(C(F)(F)F)c4)c4ccccc34)c(=O)c2cc1C
882,CHEMBL4742834,840.0,CC(Nc1c(Cl)cnc2ccc(-c3cnc(C(C)(C)O)nc3)cc12)c1ccc(F)cc1
883,CHEMBL4743779,202.0,Cc1ccc(C)c(Cn2c(C(O)c3ccncc3)nc3ccc(-c4cnn(C)c4)cc32)c1
884,CHEMBL4743794,116.0,CC(Nc1c(Cl)cnc2ccc(-c3cnc(C(C)(C)O)nc3)c(Cl)c12)c1ccccc1F
885,CHEMBL4743885,264.0,CC(Nc1c(Cl)cnc2ccc(-c3cnc(C(C)(C)O)nc3)cc12)c1ccccn1
886,CHEMBL4744215,25000.0,Cc1ccc(C)c(Nc2ccnc3ccc(-c4ccc(C#N)nc4)cc23)c1
887,CHEMBL4744981,224.0,CC(Nc1c(Cl)cnc2c(F)cc(-c3cnc(C(C)(C)O)nc3)cc12)c1ccccc1F
888,CHEMBL4745102,25000.0,C[C@@H](Nc1ccnc2ccc(-c3cnc(C(C)(C)O)nc3)cc12)c1cc(N2CCCC2)ccc1F
889,CHEMBL4748132,64.0,CC(Nc1c(Cl)cnc2cc(F)c(-c3cnc(C(C)(C)O)nc3)cc12)c1ccccc1F
890,CHEMBL4748417,57.0,CC(C)C(Nc1c(Cl)cnc2ccc(-c3cnc(C(C)(C)O)nc3)cc12)c1ccccc1F
891,CHEMBL4751792,25000.0,CC(C)(O)c1ncc(-c2ccc3ncc(Cl)c(NCc4ccccc4)c3c2)cn1
892,CHEMBL4755052,115.0,C[C@@H](Nc1c(Cl)cnc2ccc(-c3cnc(N4CCN(CC(=O)O)CC4)nc3)cc12)c1ccccc1F
893,CHEMBL4758143,25000.0,CC(Nc1c(Cl)cnc2c(Cl)cc(-c3cnc(C(C)(C)O)nc3)cc12)c1ccccc1F
894,CHEMBL4759848,48.0,C[C@@H](Nc1c(Cl)cnc2ccc(-c3cnc(C(C)(C)O)nc3)cc12)c1cc(C#N)ccc1F
895,CHEMBL4762023,190.0,CC(Nc1c(Cl)cnc2ccc(-c3cnc(C(C)(C)O)nc3)cc12)c1ccccc1F
896,CHEMBL4763268,943.0,C[C@H](Nc1c(Cl)cnc2ccc(-c3cnc(C(C)(C)O)nc3)cc12)c1ccccc1
897,CHEMBL4763313,31.0,CC(Nc1c(Cl)cnc2ccc(-c3cnc(C(C)(C)O)nc3)cc12)c1cccc(F)c1
898,CHEMBL4764418,51.0,Cc1ccc(C)c(Nc2c(Cl)c(C)nc3ccc(-c4cnc(C(C)(C)O)nc4)cc23)c1
899,CHEMBL4764442,47.0,C[C@@H](Nc1c(Cl)cnc2ccc(-c3ccc(C(C)(C)O)cc3)cc12)c1ccccc1F
900,CHEMBL4776179,178.0,CC(Nc1c(Cl)cnc2cc(Cl)c(-c3cnc(C(C)(C)O)nc3)cc12)c1ccccc1F
901,CHEMBL4776281,35.0,Cc1ccc(C)c(Nc2c(Cl)cnc3ccc(-c4ccc(C#N)nc4)cc23)c1
902,CHEMBL4777142,25000.0,CC(C)(O)c1ncc(-c2ccc3ncc(Cl)c(NC(C)(C)c4ccccc4)c3c2)cn1
903,CHEMBL4777447,27.0,Cc1nc2cc(F)c(-c3cnc(C(C)(C)O)nc3)nc2c(N[C@H](C)c2cc(C#N)ccc2F)c1Cl
904,CHEMBL4777805,45762.75,Cc1ccc(Cn2cnc3ccccc32)c(C)c1
905,CHEMBL4778232,1350.0,c1ccc(-c2cccc3ccncc23)c(OCCc2ccc(-c3cccc4ccncc34)cc2)c1
906,CHEMBL4779059,45762.75,Cc1ccc(C)c(Nc2c(Cl)cnc3ccc(-c4cnc(C(C)(C)O)nc4)cc23)c1
907,CHEMBL4779359,29.0,CN1CCN(Cc2ccc(-c3c[nH]c4ccncc34)c(OCCc3ccc(-c4cccc5ccncc45)cc3)c2)CC1
908,CHEMBL4779860,5300.0,CC1(C)C(=O)c2ccccc2N1Cc1ccccc1OC(F)F
909,CHEMBL4781182,107.0,Cc1ccc(C)c(Nc2c(C)cnc3ccc(-c4cnc(C(C)(C)O)nc4)cc23)c1
910,CHEMBL4781606,14.0,C[C@@H](Nc1c(Cl)cnc2ccc(-c3cnc(C(C)(C)O)nc3)cc12)c1ccccc1
911,CHEMBL4783333,7960.0,N#CCc1ccc(-c2cccc3ccncc23)cc1
912,CHEMBL4783749,37.0,C[C@@H](Nc1c(Cl)cnc2ccc(-c3cnc(C(C)(C)O)nc3)cc12)c1cc(N)ccc1F
913,CHEMBL478482,20570.0,O=C1/C(=C/c2ccccc2C(F)(F)F)CCC/C1=C\c1ccccc1C(F)(F)F
914,CHEMBL4785988,152.0,C[C@@H](Nc1c(Cl)cnc2ccc(-c3cnc(N4CCS(=O)(=O)CC4)nc3)cc12)c1ccccc1F
915,CHEMBL4787001,110.0,C[C@@H](Nc1c(Cl)cnc2ccc(-c3cnc(C(C)(C)O)nc3)cc12)c1ccccc1F
916,CHEMBL4787433,909.0,C[C@@H](Nc1c(Cl)cnc2ccc(-c3ccc(S(C)(=O)=O)nc3)cc12)c1ccccc1F
917,CHEMBL4787790,163.0,C[C@@H]1CN(c2ncc(-c3ccc4c(c3)N(Cc3cccnc3C#N)C(C)(C)C4=O)cn2)CCN1C(=O)CO
918,CHEMBL4789048,45762.75,CC(Nc1c(Cl)cnc2cnc(-c3cnc(C(C)(C)O)nc3)cc12)c1ccccc1F
919,CHEMBL4789269,840.0,Cc1ccc(C)c(Nc2c(Cl)cnc3ccc(Br)cc23)c1
920,CHEMBL4790350,35.0,CCC(Nc1c(Cl)cnc2ccc(-c3cnc(C(C)(C)O)nc3)cc12)c1ccccc1F
921,CHEMBL4793073,331.0,C[C@@H](Nc1c(Cl)cnc2ccc(-c3cnc(C(C)(C)O)nc3)cc12)c1cc(N2CCCC2)ccc1F
922,CHEMBL4793441,189.0,C[C@@H]1CN(c2ncc(-c3ccc4c(c3)N(Cc3ccccc3OC(F)F)C(C)(C)C4=O)cn2)CCN1C(=O)CO
923,CHEMBL4793685,25300.0,c1ccc(-c2cccc3ccncc23)cc1
924,CHEMBL4793924,71.0,CC1(C)C(=O)c2ccc(-c3cnc(N4CCN5C(=O)NC[C@@H]5C4)nc3)cc2N1Cc1cccnc1C#N
925,CHEMBL4794492,407.0,CC(Nc1c(Cl)cnc2ccc(-c3cnc(C(C)(C)O)nc3)cc12)c1ccccc1C(F)(F)F
926,CHEMBL4797699,15.0,CCOc1ncc(-c2ccc3ncc(Cl)c(N[C@H](C)c4ccccc4F)c3c2)cn1
927,CHEMBL4845765,30000.0,CCCCCCCCCCCCCCOCC(CNC(=O)C1(NC(=O)OCc2ccccc2)CCNCC1)OCCCCCCCCCCCCCC.Cl
928,CHEMBL4846103,30000.0,CCCCCCCCCCCCCCOCC(CNC(=O)[C@H](CCCCN)NC(=O)OCC1c2ccccc2-c2ccccc21)OCCCCCCCCCCCCCC.Cl
929,CHEMBL4846484,30000.0,CCCCCCCOCCNC(=O)[C@H](CCCCN)NCc1ccccc1
930,CHEMBL4850092,30000.0,CCCCCCCCCCCCCCOCC(CNC(=O)CCN)OCCCCCCCCCCCCCC.Cl
931,CHEMBL4850204,30000.0,CCCCCCCCCCCCCCOCC(CNC(=O)[C@@H](CCCCN)NC(=O)OCc1ccccc1)OCCCCCCCCCCCCCC.Cl
932,CHEMBL4850600,30000.0,CCCCCCCCCCCCCCOCC(CNC(=O)CC[C@H](NC(=O)OCC1c2ccccc2-c2ccccc21)C(=O)O)OCCCCCCCCCCCCCC.Cl
933,CHEMBL4852089,30000.0,CCCCCCCCCCCCCCOCC(CNC(=O)[C@@H](N)CCCCN)OCCCCCCCCCCCCCC.Cl
934,CHEMBL4852939,30000.0,CCCCCCCCCCCCCCOCC(CNC(=O)[C@H](CCCCN)NCc1ccccc1)OCCCCCCCCCCCCCC.Cl
935,CHEMBL4856507,30000.0,CCCCCCCCCCCCCCOCC(CNC(=O)c1cccc(C2CCNCC2)c1)OCCCCCCCCCCCCCC.Cl
936,CHEMBL4862067,30000.0,CCCCCCCCCCCCCCOCC(CNC(=O)[C@H]1CC[C@H](N)CC1)OCCCCCCCCCCCCCC.Cl
937,CHEMBL4862279,30000.0,CCCCCCCCCCCCCCOCC(CNC(=O)[C@H]1CCCN1)OCCCCCCCCCCCCCC.Cl
938,CHEMBL4865889,30000.0,CCCCCCCCCCCCCCOCC(CNC(=O)[C@@H](CCCCN)NCc1ccccc1)OCCCCCCCCCCCCCC.Cl
939,CHEMBL4868242,694.5,Cc1c(-c2ccc(NC(=O)c3c(F)cccc3F)cc2)cccc1-c1nn(C)c(=O)o1
940,CHEMBL4868376,30000.0,CCCCCCCCCCCCCCNC(=O)[C@H](CCCCN)NCc1ccccc1
941,CHEMBL4873132,30000.0,CCCCCCCCCCCCCCOCC(CNC(=O)[C@H](CCCCN)NCc1ccc(-c2ccccc2)cc1)OCCCCCCCCCCCCCC.Cl
942,CHEMBL4874060,30000.0,CCCCCCCCCCCCCCOCC(CNC(=O)[C@H](CCCCN)NC(C)=O)OCCCCCCCCCCCCCC.Cl
943,CHEMBL4876723,30000.0,CCCCCCCCCCCCCCOCC(CNC(=O)C(CC1CCNCC1)NC(=O)OCC1c2ccccc2-c2ccccc21)OCCCCCCCCCCCCCC.Cl
944,CHEMBL4877055,30000.0,CCCCCCCCCCCCCCOCC(CNC(=O)c1cccc(N2CCNCC2)c1)OCCCCCCCCCCCCCC.Cl
945,CHEMBL4877472,30000.0,CCCCC/C=C\CCCCCCCOCC(CNC(=O)c1cccc(C2CCNCC2)c1)OCCCCCCC/C=C\CCCCC
946,CHEMBL4877760,30000.0,CCCCCCCCCCCCCCOCC(CNC(=O)CCCCCN)OCCCCCCCCCCCCCC.Cl
947,CHEMBL4877782,30000.0,CCCCCCCCCCCCCCOCC(CNC(=O)[C@H](CCCCN)NCc1ccc(F)cc1)OCCCCCCCCCCCCCC.Cl
948,CHEMBL4878209,30000.0,CCCCCCCOC(CNC(=O)[C@H](CCCCN)NCc1ccccc1)COC
949,CHEMBL4878322,30000.0,CCCCC/C=C\C/C=C\CCCCCCCCOCC(CNC(=O)c1cccc(C2CCNCC2)c1)OCCCCCCCC/C=C\C/C=C\CCCCC
950,CHEMBL502604,6000.0,CCCCCCCCCCCCCCO[C@H]1[C@@H](OC)O[C@H](C[N+](C)(C)C2CCCC2)[C@@H](O)[C@@H]1OCCCCCCCCCCCCCC
951,CHEMBL5268975,629.0,COc1cc(/C=C2\CC/C(=C\c3ccccc3C(F)(F)F)C2=O)ccc1O
952,CHEMBL5282465,890.0,CCOC(=O)C1=C(C)NC2S/C(=C\c3ccc(N4CCOCC4)cc3)C(=O)N2C1c1cccs1
953,CHEMBL5285518,1424.0,CN(C)CCCOc1ccc(/C=C2\CC/C(=C\c3ccccc3C(F)(F)F)C2=O)cc1
954,CHEMBL5287859,6380.0,Cc1coc2c1C(=O)c1c3c-2ccc2c3c(n1Cc1ccccc1)C(=O)CC2(C)C
955,CHEMBL5289737,1160.0,C=CCOc1ccc(C2C(C(=O)OCC)=C(C)NC3S/C(=C\c4ccc(N5CCOCC5)cc4)C(=O)N32)cc1
956,CHEMBL544359,37000.0,CCOC(=O)CCCn1cc(N)c2cc(OC)c(OC)cc2c1=O.Cl
957,CHEMBL545531,10000.0,COc1cc2ccn(CCCC(=O)OCCN3CCOCC3)c(=O)c2cc1OC.Cl
958,CHEMBL552443,20000.0,O=C(O)c1c(NC(=O)N2CCOCC2)sc2c1CCCC2
959,CHEMBL555277,20000.0,CCOC(=O)CCCn1cnc2cc(OC)c(OC)c(N)c2c1=O.Cl
960,CHEMBL57267,762.0,Cc1ccc2c(c1)sc(-c1ccc(N(C)C)cc1)[n+]2C
961,CHEMBL599890,20000.0,Cc1nonc1C(=O)NN=Cc1ccc([N+](=O)[O-])o1
962,CHEMBL628,85000.0,CC(=O)CCCCn1c(=O)c2c(ncn2C)n(C)c1=O
963,CHEMBL65374,2200.0,O=C(Nc1cccc([N+](=O)[O-])c1)c1cc2ccccc2cc1O
964,CHEMBL67930,20000.0,Cc1ccc(-c2nc3ccccc3s2)cc1
965,CHEMBL72511,48.0,CNC(=O)[C@@H](NC(=O)[C@H](c1ccc(OC)cc1)[C@H](CO)C(=O)NO)C(C)(C)C
966,CHEMBL76297,928.0,CNC(=O)[C@@H](NC(=O)[C@H](c1ccccc1)[C@H](CO)C(=O)NO)C(C)(C)C
967,CHEMBL89890,12000.0,COc1ccc(C(CC(N)=O)N2C(=O)c3ccccc3C2=O)cc1OC
